ledger	scope	accepted_ml	delivered_ml	remaining_ml	total_ml	delivered_pct	accepted_pct	pack	contract	backend	frontend	integration	test	delivered_omp	remaining_omp
frozen_baseline	0183	152	252	42	294	85.7	51.7	66.7	72.7	90.0	100.0	100.0	70.6	169/252/363	25.2/42/71.2
frozen_baseline	0184	104	180	28	208	86.5	50.0	80.0	80.0	92.3	100.0	100.0	60.0	132/180/236.8	16.8/28/44.8
frozen_baseline	0185	144	144	164	308	46.8	46.8	66.7	100.0	80.0	0.0	18.2	47.1	106.8/144/182.8	93.6/164/277.6
frozen_baseline	0186	172	172	106	278	61.9	61.9	76.9	83.3	90.0	0.0	50.0	66.7	129/172/215	63.6/106/188.8
frozen_baseline	0187	200	200	114	314	63.7	63.7	76.9	85.7	91.7	0.0	50.0	70.6	150/200/250	68.4/114/204.8
frozen_baseline	0190	148	148	136	284	52.1	52.1	71.4	83.3	84.2	0.0	27.3	57.1	111/148/185	81.6/136/240
frozen_baseline	0192	220	220	144	364	60.4	60.4	75.0	85.7	89.7	0.0	38.5	66.7	165/220/275	86.4/144/256
frozen_baseline	0147	0	20	248	268	7.5	0.0	42.9	33.3	0.0	0.0	0.0	0.0	15/20/25	148.8/248/496
frozen_baseline	0148	0	20	232	252	7.9	0.0	42.9	33.3	0.0	0.0	0.0	0.0	15/20/25	139.2/232/464
frozen_baseline	SHARED	0	108	164	272	39.7	0.0		0.0	100.0	0.0	0.0	42.9	76.2/108/159	98.4/164/328
frozen_baseline	portfolio	1140	1464	1378	2842	51.5	40.1	66.1	64.0	73.4	21.8	32.4	51.7	1069/1464/1916.6	822/1378/2571.2
forecast_08	0183	152	252	48	300	84.0	50.7	66.7	72.7	83.7	100.0	100.0	70.6	169/252/363	29.2/48/81.2
forecast_08	0184	104	180	32	212	84.9	49.1	80.0	80.0	85.7	100.0	100.0	60.0	132/180/236.8	18.8/32/51.8
forecast_08	0185	144	144	167	311	46.3	46.3	66.7	100.0	77.1	0.0	18.2	47.1	106.8/144/182.8	95.6/167/283.6
forecast_08	0186	172	172	137	309	55.7	55.7	71.4	83.3	84.7	0.0	43.5	54.1	129/172/215	80.2/137/232.2
forecast_08	0187	200	200	135	335	59.7	59.7	71.4	85.7	87.1	0.0	43.5	58.5	150/200/250	78.2/135/228.2
forecast_08	0190	148	148	136	284	52.1	52.1	71.4	83.3	84.2	0.0	27.3	57.1	111/148/185	81.6/136/240
forecast_08	0192	220	220	144	364	60.4	60.4	75.0	85.7	89.7	0.0	38.5	66.7	165/220/275	86.4/144/256
forecast_08	0147	0	20	248	268	7.5	0.0	42.9	33.3	0.0	0.0	0.0	0.0	15/20/25	148.8/248/496
forecast_08	0148	0	20	232	252	7.9	0.0	42.9	33.3	0.0	0.0	0.0	0.0	15/20/25	139.2/232/464
forecast_08	SHARED	0	113	206	319	35.4	0.0	100.0	0.0	90.0	0.0	0.0	31.6	79.2/113/167	119.4/206/406
forecast_08	portfolio	1140	1469	1485	2954	49.7	38.6	65.7	64.0	70.6	21.9	31.2	47.1	1072/1469/1924.6	877.4/1485/2739
forecast_09	0183	152	252	48	300	84.0	50.7	66.7	72.7	83.7	100.0	100.0	70.6	169/252/363	29.2/48/81.2
forecast_09	0184	104	180	32	212	84.9	49.1	80.0	80.0	85.7	100.0	100.0	60.0	132/180/236.8	18.8/32/51.8
forecast_09	0185	144	144	189	333	43.2	43.2	66.7	96.0	71.9	0.0	17.4	39.5	106.8/144/182.8	108.6/189/323.6
forecast_09	0186	172	172	137	309	55.7	55.7	71.4	83.3	84.7	0.0	43.5	54.1	129/172/215	80.2/137/232.2
forecast_09	0187	200	200	135	335	59.7	59.7	71.4	85.7	87.1	0.0	43.5	58.5	150/200/250	78.2/135/228.2
forecast_09	0190	148	148	124	272	54.4	54.4	71.4	83.3	84.2	0.0	27.3	57.1	111/148/185	75.2/124/203.2
forecast_09	0192	220	220	132	352	62.5	62.5	75.0	85.7	89.7	0.0	38.5	66.7	165/220/275	79.2/132/219.2
forecast_09	0147	0	20	248	268	7.5	0.0	42.9	33.3	0.0	0.0	0.0	0.0	15/20/25	148.8/248/496
forecast_09	0148	0	20	232	252	7.9	0.0	42.9	33.3	0.0	0.0	0.0	0.0	15/20/25	139.2/232/464
forecast_09	SHARED	0	113	206	319	35.4	0.0	100.0	0.0	90.0	0.0	0.0	31.6	79.2/113/167	119.4/206/406
forecast_09	portfolio	1140	1469	1483	2952	49.8	38.6	65.7	63.7	70.1	22.9	31.1	46.2	1072/1469/1924.6	876.8/1483/2705.4
