key	language	owner	value	present_nonempty	value_equals_key
Active	en	SharedResource	Active	true	true
Active	tr	SharedResource	Aktif	true	false
Active	fr	SharedResource	Actif	true	false
Active	es	SharedResource	Activo	true	false
Active	zh	SharedResource	启用	true	false
Active	ar	SharedResource	نشط	true	false
Active	ru	SharedResource	Активный	true	false
Actions	en	CarriersIndex	Actions	true	true
Actions	tr	CarriersIndex	İşlemler	true	false
Actions	fr	CarriersIndex	Actions	true	true
Actions	es	CarriersIndex	Acciones	true	false
Actions	zh	CarriersIndex	操作	true	false
Actions	ar	CarriersIndex	الإجراءات	true	false
Actions	ru	CarriersIndex	Действия	true	false
Apply	en	SharedResource	Apply	true	true
Apply	tr	SharedResource	Uygula	true	false
Apply	fr	SharedResource	Appliquer	true	false
Apply	es	SharedResource	Aplicar	true	false
Apply	zh	SharedResource	应用	true	false
Apply	ar	SharedResource	تطبيق	true	false
Apply	ru	SharedResource	Применить	true	false
Cancel	en	SharedResource	Cancel	true	true
Cancel	tr	SharedResource	İptal	true	false
Cancel	fr	SharedResource	Annuler	true	false
Cancel	es	SharedResource	Cancelar	true	false
Cancel	zh	SharedResource	取消	true	false
Cancel	ar	SharedResource	إلغاء	true	false
Cancel	ru	SharedResource	Отмена	true	false
Filter	en	SharedResource	Filter	true	true
Filter	tr	SharedResource	Filtrele	true	false
Filter	fr	SharedResource	Filtrer	true	false
Filter	es	SharedResource	Filtrar	true	false
Filter	zh	SharedResource	筛选	true	false
Filter	ar	SharedResource	تصفية	true	false
Filter	ru	SharedResource	Фильтр	true	false
Passive	en	SharedResource	Passive	true	true
Passive	tr	SharedResource	Pasif	true	false
Passive	fr	SharedResource	Inactif	true	false
Passive	es	SharedResource	Inactivo	true	false
Passive	zh	SharedResource	停用	true	false
Passive	ar	SharedResource	غير نشط	true	false
Passive	ru	SharedResource	Неактивный	true	false
Reset	en	SharedResource	Reset	true	true
Reset	tr	SharedResource	Sıfırla	true	false
Reset	fr	SharedResource	Réinitialiser	true	false
Reset	es	SharedResource	Reiniciar	true	false
Reset	zh	SharedResource	重置	true	false
Reset	ar	SharedResource	إعادة تعيين	true	false
Reset	ru	SharedResource	Сбросить	true	false
Save	en	SharedResource	Save	true	true
Save	tr	SharedResource	Kaydet	true	false
Save	fr	SharedResource	Enregistrer	true	false
Save	es	SharedResource	Guardar	true	false
Save	zh	SharedResource	保存	true	false
Save	ar	SharedResource	حفظ	true	false
Save	ru	SharedResource	Сохранить	true	false
Status	en	SharedResource	Status	true	true
Status	tr	SharedResource	Durum	true	false
Status	fr	SharedResource	Statut	true	false
Status	es	SharedResource	Estado	true	false
Status	zh	SharedResource	状态	true	false
Status	ar	SharedResource	الحالة	true	false
Status	ru	SharedResource	Статус	true	false
Unknown	en	SharedResource	Unknown	true	true
Unknown	tr	SharedResource	Bilinmiyor	true	false
Unknown	fr	SharedResource	Inconnu	true	false
Unknown	es	SharedResource	Desconocido	true	false
Unknown	zh	SharedResource	未知	true	false
Unknown	ar	SharedResource	غير معروف	true	false
Unknown	ru	SharedResource	Неизвестно	true	false
