path	sha256	bytes
frontend/Diten.Web/Controllers/SupplyChainShipmentsController.cs	92b0f53109c1036a6745bf54c51e02681152a2f1e6d8df5bc7a94a296368c9df	11521
frontend/Diten.Web/Models/SupplyChain/Shipments/ShipmentViewModels.cs	4045cb0b706ad4d3ff65805611ce22fb1b649c3526b59d6e7a113438c399c76a	1857
frontend/Diten.Web/Views/SupplyChain/Shipments/ShipmentsIndex.cs	3c7e443a91ccd0040507c9b98136f852a94e29eccd59e53f0010656962b0fcc3	86
frontend/Diten.Web/Views/SupplyChain/Shipments/Index.cshtml	a8634dd16270325325f26d654c762838fd47a3b0c6d29b9821359de63b6264d3	1521
frontend/Diten.Web/Views/SupplyChain/Shipments/Create.cshtml	03526b25e35ce7d549b86e6f14476bc61573372b592e64608cd0a927d0a76da4	1893
frontend/Diten.Web/Views/SupplyChain/Shipments/Details.cshtml	2fb7b805528b6b868b3f4139262afbf80c075925b5fec0f522ca78d5c1e61f93	4574
frontend/Diten.Web/Views/SupplyChain/Shipments/_Form.cshtml	fce9d84ded07fa33b361a738378a359352f5727bf69edf70bc519faaa30b9225	5224
frontend/Diten.Web/Views/SupplyChain/Shipments/_LineEditor.cshtml	121c2a42871aca0bb1910215388a65e2b3081f38bd0e1cf67e38b4d74bda8481	92
frontend/Diten.Web/Views/SupplyChain/Shipments/_Filter.cshtml	45053c65750d175124020c4427b4f4337d4a958e3166ec416e217791ae599774	1276
frontend/Diten.Web/Views/SupplyChain/Shipments/_DataTable.cshtml	21622be5aca505ef57e3d53dd6d725de8ad4b0fa941690b02d43e0c2f7d3d90d	675
frontend/Diten.Web/Views/SupplyChain/Shipments/_IndexL10n.cshtml	9475446e23c6872411ddf443ced83d0ed98b3291e5ec36720b21992586b624d2	1216
frontend/Diten.Web/Views/SupplyChain/Shipments/_TransitionOffcanvas.cshtml	e0e7c4be5074073b658ed34c85ed8c1746d996887b25999dcfe650785026ed91	1328
frontend/Diten.Web/Views/SupplyChain/Shipments/_PodOffcanvas.cshtml	9e6567518f5c9004b9ea4ae0915133d0a43b150f871659ea921aef151e21047e	1436
frontend/Diten.Web/wwwroot/assets/js/SupplyChain/Shipments/index.js	97f8f2a5f147597e1ddb5d182a1f76434a8498871ad98843e4ca362674172032	5500
frontend/Diten.Web/wwwroot/assets/js/SupplyChain/Shipments/create.js	eb430efca3c92ed4cd248a98675450be2ea57977163051c27f59c7bd35b2e660	4351
frontend/Diten.Web/wwwroot/assets/js/SupplyChain/Shipments/details.js	419998d5d67069c9d705cbec15acb2561090301a7b863f0a414c72952456b954	8021
frontend/Diten.Web/wwwroot/assets/js/SupplyChain/Shipments/index.l10n.js	1239ec3eec52e7e108c9a768eacd9e12224a73093d021fb578e4baf2be24c31c	329
frontend/Diten.Web/Resources/Views/SupplyChain/Shipments/ShipmentsIndex.en.resx	b996be1861577d993e58ca55b6faa55bf8530988cd65b47f1c3101eb034cd785	5880
frontend/Diten.Web/Resources/Views/SupplyChain/Shipments/ShipmentsIndex.tr.resx	09932cca41a4e1596a329d7262e07098bc7ab020fbb395ce2734c649a9305457	5939
frontend/Diten.Web/Resources/Views/SupplyChain/Shipments/ShipmentsIndex.fr.resx	9f2f61ade70d3bf754da9dcd368143938629c84cc20f24669d370e0e6837b3c5	6104
frontend/Diten.Web/Resources/Views/SupplyChain/Shipments/ShipmentsIndex.es.resx	d944ba9ec39a7035ec49b04c4ce410d9beed9d808e914ed82b1681a39bb141ab	6018
frontend/Diten.Web/Resources/Views/SupplyChain/Shipments/ShipmentsIndex.zh.resx	1856cb980081bace6d6fe57a6bdffa6540280764cc059dafe346cfca757920e4	5655
frontend/Diten.Web/Resources/Views/SupplyChain/Shipments/ShipmentsIndex.ar.resx	86e00a450577c5cb2217fec10c14d979d1aa9775c4940234ab61222a58646593	6507
frontend/Diten.Web/Resources/Views/SupplyChain/Shipments/ShipmentsIndex.ru.resx	e9ce9f19c12b41c4f99f8fa0ad9a443ce3c60542b0fc9a9f87ee8b5a7180b632	7049
frontend/Diten.Web.Tests/Controllers/SupplyChainShipmentsControllerTests.cs	4f5ac5d3b795041bfc3532d84728c063e5a129662d285ae266f1c0e74fb47aaa	7371
frontend/Diten.Web.Tests/Forms/ShipmentFormContractTests.cs	8c1a40775693e05636dd5fae5ccb41017581a75bc3f1649d46592c4c372615a6	2641
frontend/Diten.Web.Tests/JavaScript/ShipmentIndexBehaviorTests.cs	440f7bb8e9205b2c320bfe6d42b08d39e25a4f39614c7d67bd9df0c480202963	1466
frontend/Diten.Web.Tests/JavaScript/ShipmentDetailActionTests.cs	657c002848d16115429663a5dca0e3f5f672592d2de2d5e865a9919a60a2352b	2003
