PASS	services/Diten.AuthService/src/Diten.AuthService.Application/Common/Interfaces/ITenantLegalEntityScopeClient.cs	44ef34adcad853d48dad94d6e3c2fd154d21619c536892b7d122f5808bd00438	44ef34adcad853d48dad94d6e3c2fd154d21619c536892b7d122f5808bd00438
PASS	services/Diten.AuthService/src/Diten.AuthService.Application/Common/Interfaces/ITokenService.cs	0642eb83697fc6a48c6961b673d012637c0ab4a90d745906bde2870c11f34fc8	0642eb83697fc6a48c6961b673d012637c0ab4a90d745906bde2870c11f34fc8
PASS	services/Diten.AuthService/src/Diten.AuthService.Infrastructure/Services/TokenService.cs	ca549bd9625c2e91d414478ea8e163166f1c8faa5418625ad4a1a9e31962c718	ca549bd9625c2e91d414478ea8e163166f1c8faa5418625ad4a1a9e31962c718
PASS	services/Diten.AuthService/src/Diten.AuthService.Infrastructure/Services/PlatformTenantLegalEntityScopeClient.cs	a2c623bd160b6ecddaee81a9f7f3a6d207d2744a1b3ad700486ea0c24ed5b7a1	a2c623bd160b6ecddaee81a9f7f3a6d207d2744a1b3ad700486ea0c24ed5b7a1
PASS	services/Diten.AuthService/src/Diten.AuthService.Infrastructure/DependencyInjection.cs	d8f131114383e580868779ce79c81052f2c24a90340026d79769adf1b7f50f3b	d8f131114383e580868779ce79c81052f2c24a90340026d79769adf1b7f50f3b
PASS	services/Diten.AuthService/src/Diten.AuthService.Application/Features/Auth/Handlers/CommandHandlers/LoginCommandHandler.cs	924d11c2d4967adf097043973c47216fa55f2420cc158b90ef8b768b3d575ad2	924d11c2d4967adf097043973c47216fa55f2420cc158b90ef8b768b3d575ad2
PASS	services/Diten.AuthService/src/Diten.AuthService.Application/Features/Auth/Handlers/CommandHandlers/VerifyMfaCommandHandler.cs	e9e9fb601a3e0bfd55e2acc57bc2e95210d1803a7c75b94585e2cdb7c8cff403	e9e9fb601a3e0bfd55e2acc57bc2e95210d1803a7c75b94585e2cdb7c8cff403
PASS	services/Diten.AuthService/src/Diten.AuthService.Application/Features/Auth/Handlers/CommandHandlers/RefreshTokenCommandHandler.cs	df14653cda6d29d6b59695c57a97806ed5aa34f24d3e9364ba194ceb09da69ec	df14653cda6d29d6b59695c57a97806ed5aa34f24d3e9364ba194ceb09da69ec
PASS	services/Diten.AuthService/src/Diten.AuthService.Application/Features/Auth/Handlers/CommandHandlers/ForcedChangeTenantPasswordCommandHandler.cs	25b952a288ef00e16b5b01cc8bae7f012e688cdd1757ce249ccf879e8aa028a9	25b952a288ef00e16b5b01cc8bae7f012e688cdd1757ce249ccf879e8aa028a9
PASS	services/Diten.Platform/src/Diten.Platform.API/Controllers/Internal/InternalTenantLegalEntityScopeController.cs	eb33b6dc2d3aec0de2eea4bf0f5b4dbd5eb474ba1ccc13aaaa0a426ae7afa65d	eb33b6dc2d3aec0de2eea4bf0f5b4dbd5eb474ba1ccc13aaaa0a426ae7afa65d
PASS	services/Diten.Platform/src/Diten.Platform.Application/Common/IInternalScopeResolutionContext.cs	fe03ad55e2c6692122a922bcf85ec42de1b3bcfe2e08a61d900102d37d7a69f5	fe03ad55e2c6692122a922bcf85ec42de1b3bcfe2e08a61d900102d37d7a69f5
PASS	services/Diten.Platform/src/Diten.Platform.Infrastructure/Services/Mdm/InternalScopeResolutionContext.cs	01a4050fb26c2552d93eed2a28723f89cb79d017ef006a126db36e5a179ce15d	01a4050fb26c2552d93eed2a28723f89cb79d017ef006a126db36e5a179ce15d
PASS	services/Diten.Platform/src/Diten.Platform.Infrastructure/Settings/MdmServiceIdentityOptions.cs	e6488424cc3dc4f5b5dc1280830d9ff579ac9f791bcf0d661bbc74c1123c72c0	e6488424cc3dc4f5b5dc1280830d9ff579ac9f791bcf0d661bbc74c1123c72c0
PASS	services/Diten.Platform/src/Diten.Platform.Infrastructure/Services/Mdm/MdmServiceIdentityTokenProvider.cs	dabe0f121c09723a40fcf69a1a8c8c56f8901ef54e4f5ebaa95f5ae6689cdbe6	dabe0f121c09723a40fcf69a1a8c8c56f8901ef54e4f5ebaa95f5ae6689cdbe6
PASS	services/Diten.Platform/src/Diten.Platform.Infrastructure/Services/Mdm/MdmLegalEntityReferenceValidator.cs	b4977cdd409ad39987e90ce5baa73dcfa1fcf44c46dbd2309fbd65cb6835bec9	b4977cdd409ad39987e90ce5baa73dcfa1fcf44c46dbd2309fbd65cb6835bec9
PASS	services/Diten.Platform/src/Diten.Platform.Infrastructure/DependencyInjection.cs	ead8c544cd6111acb8c06a8784040fce05ef42817aba20fd4164ec8b5c94943f	ead8c544cd6111acb8c06a8784040fce05ef42817aba20fd4164ec8b5c94943f
PASS	services/Diten.Platform/tests/Diten.Platform.Application.Tests/CarrierAuthLegalEntitySuccessorTests.cs	e4561e0773af287ca85a67a61aa91e1c8a2f7f850759fec912c2901eb4d144ce	e4561e0773af287ca85a67a61aa91e1c8a2f7f850759fec912c2901eb4d144ce
PASS	services/Diten.MdmService/src/Diten.MdmService.Api/Security/PlatformServiceIdentityOptions.cs	43e8fe582d5e70c24596e58afee75395493f430bcc898fc7554c6e1d6f233243	43e8fe582d5e70c24596e58afee75395493f430bcc898fc7554c6e1d6f233243
PASS	services/Diten.MdmService/src/Diten.MdmService.Api/Security/PlatformServiceTokenValidator.cs	24d4e680c4007bb22287869af14dc5fd4533ee2def251677164540ff9aad9c15	24d4e680c4007bb22287869af14dc5fd4533ee2def251677164540ff9aad9c15
PASS	services/Diten.MdmService/src/Diten.MdmService.Api/Controllers/Internal/InternalLegalEntityReferenceController.cs	8dc9cfec8d34cadac2e6c37cef799e74d8dc40c074d465a5a2f055efa61e195d	8dc9cfec8d34cadac2e6c37cef799e74d8dc40c074d465a5a2f055efa61e195d
PASS	services/Diten.MdmService/src/Diten.MdmService.Api/Program.cs	980c8f9a6a3948639c771e790a7b1dfde9e4b6bc7e37226629849367582879bb	980c8f9a6a3948639c771e790a7b1dfde9e4b6bc7e37226629849367582879bb
PASS	services/Diten.MdmService/tests/Diten.MdmService.Application.Tests/PlatformServiceTokenValidatorTests.cs	e32d3f8c86c95fad706b7c977a6cd3550d55d0d7986cfde931b9f9f9d37eaca3	e32d3f8c86c95fad706b7c977a6cd3550d55d0d7986cfde931b9f9f9d37eaca3
SUMMARY	22/22
