# CANDIDATE — NOT ACTIVE. MVP6 evidence kit v1.2 (F1): keys that must carry ONE value per lane, derived from product source.
# Every key is cited as path:line=token in the K01-composed source (HEAD + templates/overlays.tsv inputs; layer column = where the cited file comes from:
# HEAD = git HEAD 4a8d4d4b, OV1 = mvp6-shipment-shared-ui-exec-01/combined-source.tar.gz, OV2 = mvp6-carrier-numericdate-exec-01/final-source.tar.gz).
# K04 check verifies every citation in W/source (token on the cited line; token elsewhere in the file = 'moved', recorded; absent = NOT FOUND = FAIL),
# then compares the EFFECTIVE value each lane service will use (appsettings < user-secrets < env file; class default for kind=value).
# kind=secret: all members equal, non-empty and a supervisor placeholder @@LANE:<g>@@ (groups with one lane member: n/a). kind=value: all members equal and non-empty.
group	kind	service	key	role	class_default	layer	cites
auth-platform	secret	platform	AuthService__InternalApiKey	receiver+sender	-	OV2	services/Diten.Platform/src/Diten.Platform.API/Controllers/Internal/InternalAuditController.cs:95=AuthService:InternalApiKey;services/Diten.Platform/src/Diten.Platform.API/Controllers/Internal/InternalModuleRegistrationController.cs:98=AuthService:InternalApiKey;services/Diten.Platform/src/Diten.Platform.API/Controllers/Internal/InternalTenantEntitlementsController.cs:141=AuthService:InternalApiKey;services/Diten.Platform/src/Diten.Platform.API/Controllers/Internal/InternalTenantStatusController.cs:57=AuthService:InternalApiKey;services/Diten.Platform/src/Diten.Platform.Infrastructure/Settings/AuthServiceOptions.cs:8=InternalApiKey;services/Diten.Platform/src/Diten.Platform.Infrastructure/Services/AuthPermissionModulesClient.cs:45=_authServiceOptions.InternalApiKey
auth-platform	secret	auth	InternalEventAuth__ApiKey	receiver	-	OV2	services/Diten.AuthService/src/Diten.AuthService.Infrastructure/DependencyInjection.cs:30="InternalEventAuth";services/Diten.AuthService/src/Diten.AuthService.Infrastructure/Services/InternalEventAuthService.cs:23=_settings.ApiKey
auth-platform	secret	auth	PlatformService__InternalApiKey	sender	-	OV2	services/Diten.AuthService/src/Diten.AuthService.Infrastructure/Settings/PlatformServiceOptions.cs:9=InternalApiKey;services/Diten.AuthService/src/Diten.AuthService.Infrastructure/Services/PlatformTenantEntitlementClient.cs:54=_options.InternalApiKey;services/Diten.AuthService/src/Diten.AuthService.Infrastructure/Services/PlatformTenantAdminActivationClient.cs:48=_options.InternalApiKey
auth-platform	secret	supplychain	PlatformRegistration__InternalApiKey	sender	-	OV1	services/Diten.SupplyChainService/src/Diten.SupplyChainService.Api/ModuleRegistration/PlatformRegistrationOptions.cs:7=InternalApiKey;services/Diten.SupplyChainService/src/Diten.SupplyChainService.Api/ModuleRegistration/ModuleRegistrationHostedService.cs:101=_options.InternalApiKey;services/Diten.SupplyChainService/src/Diten.SupplyChainService.Api/Program.cs:86=PlatformRegistrationOptions.SectionName
auth-platform	secret	web	Platform__InternalApiKey	sender	-	HEAD	frontend/Diten.Web/Services/TenantStatus/TenantStatusGateway.cs:53=Platform:InternalApiKey;frontend/Diten.Web/Services/Branding/BrandingGateway.cs:32=Platform:InternalApiKey
auth-platform	secret	mdm	PlatformRegistration__InternalApiKey	sender	-	OV2	services/Diten.MdmService/src/Diten.MdmService.Api/ModuleRegistration/PlatformRegistrationOptions.cs:14=InternalApiKey;services/Diten.MdmService/src/Diten.MdmService.Api/Audit/PlatformAuditForwarder.cs:90=_options.InternalApiKey
platform-mdm-active	secret	platform	ModuleRegistrationCredentials__Mdm__ActiveSecret	receiver	-	OV2	services/Diten.Platform/src/Diten.Platform.API/Configuration/ModuleRegistrationCredentialOptions.cs:13=ActiveSecret;services/Diten.Platform/src/Diten.Platform.API/Security/ModuleRegistrationCredentialAuthenticator.cs:44=credential.ActiveSecret;services/Diten.Platform/src/Diten.Platform.API/Program.cs:139=ModuleRegistrationCredentialOptions.SectionName
platform-mdm-active	secret	mdm	PlatformRegistration__ModuleRegistrationCredentialSecret	sender	-	OV2	services/Diten.MdmService/src/Diten.MdmService.Api/ModuleRegistration/PlatformRegistrationOptions.cs:20=ModuleRegistrationCredentialSecret;services/Diten.MdmService/src/Diten.MdmService.Api/ModuleRegistration/ModuleRegistrationHostedService.cs:109=_options.ModuleRegistrationCredentialSecret
mdm-registration-id	value	platform	ModuleRegistrationCredentials__Mdm__Identifier	receiver	-	OV2	services/Diten.Platform/src/Diten.Platform.API/Configuration/ModuleRegistrationCredentialOptions.cs:12=Identifier;services/Diten.Platform/src/Diten.Platform.API/Security/ModuleRegistrationCredentialAuthenticator.cs:39=credential.Identifier
mdm-registration-id	value	mdm	PlatformRegistration__ModuleRegistrationCredentialIdentifier	sender	-	OV2	services/Diten.MdmService/src/Diten.MdmService.Api/ModuleRegistration/PlatformRegistrationOptions.cs:17=ModuleRegistrationCredentialIdentifier;services/Diten.MdmService/src/Diten.MdmService.Api/ModuleRegistration/ModuleRegistrationHostedService.cs:108=_options.ModuleRegistrationCredentialIdentifier
svcid	secret	platform	MdmServiceIdentity__Secret	sender (signs)	-	OV2	services/Diten.Platform/src/Diten.Platform.Infrastructure/Settings/MdmServiceIdentityOptions.cs:14=Secret;services/Diten.Platform/src/Diten.Platform.Infrastructure/Services/Mdm/MdmServiceIdentityTokenProvider.cs:60=_options.Secret;services/Diten.Platform/src/Diten.Platform.Infrastructure/DependencyInjection.cs:159=MdmServiceIdentityOptions.SectionName
svcid	secret	mdm	PlatformServiceIdentity__Secret	receiver (validates)	-	OV2	services/Diten.MdmService/src/Diten.MdmService.Api/Security/PlatformServiceIdentityOptions.cs:14=Secret;services/Diten.MdmService/src/Diten.MdmService.Api/Security/PlatformServiceTokenValidator.cs:56=_options.Secret;services/Diten.MdmService/src/Diten.MdmService.Api/Program.cs:58=PlatformServiceIdentityOptions.SectionName
svcid-enabled	value	platform	MdmServiceIdentity__Enabled	sender	false	OV2	services/Diten.Platform/src/Diten.Platform.Infrastructure/Settings/MdmServiceIdentityOptions.cs:9=Enabled
svcid-enabled	value	mdm	PlatformServiceIdentity__Enabled	receiver	false	OV2	services/Diten.MdmService/src/Diten.MdmService.Api/Security/PlatformServiceIdentityOptions.cs:9=Enabled
svcid-kid	value	platform	MdmServiceIdentity__KeyId	sender	-	OV2	services/Diten.Platform/src/Diten.Platform.Infrastructure/Settings/MdmServiceIdentityOptions.cs:13=KeyId;services/Diten.Platform/src/Diten.Platform.Infrastructure/Services/Mdm/MdmServiceIdentityTokenProvider.cs:62=_options.KeyId
svcid-kid	value	mdm	PlatformServiceIdentity__KeyId	receiver	-	OV2	services/Diten.MdmService/src/Diten.MdmService.Api/Security/PlatformServiceIdentityOptions.cs:13=KeyId;services/Diten.MdmService/src/Diten.MdmService.Api/Security/PlatformServiceTokenValidator.cs:61=_options.KeyId
svcid-issuer	value	platform	MdmServiceIdentity__Issuer	sender	diten-platform-service	OV2	services/Diten.Platform/src/Diten.Platform.Infrastructure/Settings/MdmServiceIdentityOptions.cs:10=diten-platform-service
svcid-issuer	value	mdm	PlatformServiceIdentity__Issuer	receiver	diten-platform-service	OV2	services/Diten.MdmService/src/Diten.MdmService.Api/Security/PlatformServiceIdentityOptions.cs:10=diten-platform-service;services/Diten.MdmService/src/Diten.MdmService.Api/Security/PlatformServiceTokenValidator.cs:49=ValidIssuer
svcid-audience	value	platform	MdmServiceIdentity__Audience	sender	diten-mdm-reference-validation	OV2	services/Diten.Platform/src/Diten.Platform.Infrastructure/Settings/MdmServiceIdentityOptions.cs:11=diten-mdm-reference-validation
svcid-audience	value	mdm	PlatformServiceIdentity__Audience	receiver	diten-mdm-reference-validation	OV2	services/Diten.MdmService/src/Diten.MdmService.Api/Security/PlatformServiceIdentityOptions.cs:11=diten-mdm-reference-validation;services/Diten.MdmService/src/Diten.MdmService.Api/Security/PlatformServiceTokenValidator.cs:51=ValidAudience
svcid-callerid	value	platform	MdmServiceIdentity__CallerId	sender	Diten.Platform	OV2	services/Diten.Platform/src/Diten.Platform.Infrastructure/Settings/MdmServiceIdentityOptions.cs:12=Diten.Platform
svcid-callerid	value	mdm	PlatformServiceIdentity__CallerId	receiver	Diten.Platform	OV2	services/Diten.MdmService/src/Diten.MdmService.Api/Security/PlatformServiceIdentityOptions.cs:12=Diten.Platform;services/Diten.MdmService/src/Diten.MdmService.Api/Security/PlatformServiceTokenValidator.cs:63=_options.CallerId
jwt	secret	auth	JwtSettings__Secret	signer	-	OV2	services/Diten.AuthService/src/Diten.AuthService.Infrastructure/DependencyInjection.cs:29="JwtSettings"
jwt	secret	platform	JwtSettings__Secret	validator	-	OV2	services/Diten.Platform/src/Diten.Platform.Infrastructure/DependencyInjection.cs:65=JwtSettings:Secret
jwt	secret	mdm	JwtSettings__Secret	validator	-	OV2	services/Diten.MdmService/src/Diten.MdmService.Api/Program.cs:31=JwtSettings:Secret
jwt	secret	supplychain	JwtSettings__Secret	validator	-	OV1	services/Diten.SupplyChainService/src/Diten.SupplyChainService.Api/Program.cs:48=JwtSettings:Secret
jwt	secret	gateway	JwtSettings__Secret	validator	-	HEAD	gateway/Diten.ApiGateway/Program.cs:90=JwtSettings:Secret
jwt	secret	web	JwtSettings__Secret	validator	-	HEAD	frontend/Diten.Web/Filters/ShellAccessFilter.cs:24=JwtSettings:Secret
mfa	secret	auth	Mfa__HashSecret	single	-	OV2	services/Diten.AuthService/src/Diten.AuthService.Infrastructure/Settings/MfaOptions.cs:11=HashSecret
platform-mdm-previous	secret	platform	ModuleRegistrationCredentials__Mdm__PreviousSecret	single (inherited; only valid inside PreviousValidUntilUtc)	-	OV2	services/Diten.Platform/src/Diten.Platform.API/Configuration/ModuleRegistrationCredentialOptions.cs:14=PreviousSecret;services/Diten.Platform/src/Diten.Platform.API/Security/ModuleRegistrationCredentialAuthenticator.cs:51=PreviousValidUntilUtc
