full_path,folder_name,purpose,folder_type,department_domain,owning_departments,owner_function,example_documents,access_profile,retention_class,change_control_required,source_of_truth,controlled_by_gqms,legacy_code,provisioning_wave,provisioning_order
GMG-QMS-Controlled-Repository,GMG-QMS-Controlled-Repository,Root of the controlled quality management system repository. Holds controlled documents only; operational business records are not filed here.,repository_root,,QA Documentation,GQD,,GQMS-Controlled,RET-01-CONTROLLED-DOC,yes,GMG-QMS-LOG-0001 (Document Master Register),yes,,1,1
GMG-QMS-Controlled-Repository/00_Governance,00_Governance,"Enterprise quality governance: quality manual, group policies and the PQS framework.",domain,QMS,QA Documentation; GQD,GQD,GMG-QMS-MAN-0001_v1.10_DRAFT_2026-07-16.docx — Group Quality Manual | GMG-QMS-MTX-0001_v0.1_DRAFT_2026-07-15.docx — Group Quality Governance Matrix | GMG-QMS-POL-0001_v0.2_DRAFT_2026-07-15.docx — Group Quality Policy,GQMS-Controlled,RET-01-CONTROLLED-DOC,yes,GMG-QMS-LOG-0001 (Document Master Register),yes,,2,2
GMG-QMS-Controlled-Repository/00_Governance/MAN,MAN,Manuals — system or quality-system descriptions.,document_type,QMS,QA Documentation; GQD,GQD,GMG-QMS-MAN-0001_v1.10_DRAFT_2026-07-16.docx — Group Quality Manual,GQMS-Controlled,RET-01-CONTROLLED-DOC,yes,GMG-QMS-LOG-0001 (Document Master Register),yes,,3,3
GMG-QMS-Controlled-Repository/00_Governance/MTX,MTX,"Matrices — governance, RACI, training and control matrices.",document_type,QMS,QA Documentation; GQD,GQD,GMG-QMS-MTX-0001_v0.1_DRAFT_2026-07-15.docx — Group Quality Governance Matrix,GQMS-Controlled,RET-01-CONTROLLED-DOC,yes,GMG-QMS-LOG-0001 (Document Master Register),yes,,3,4
GMG-QMS-Controlled-Repository/00_Governance/POL,POL,Policies — executive-level mandatory commitments.,document_type,QMS,QA Documentation; GQD,GQD,GMG-QMS-POL-0001_v0.2_DRAFT_2026-07-15.docx — Group Quality Policy,GQMS-Controlled,RET-01-CONTROLLED-DOC,yes,GMG-QMS-LOG-0001 (Document Master Register),yes,,3,5
GMG-QMS-Controlled-Repository/01_QMS,01_QMS,"Core cross-QMS processes: document control, training, CAPA, deviation, change control, internal audit.",domain,QMS,QA Documentation,GQD,GMG-QMS-FRM-0001_v1.0_DRAFT_2026-07-11.docx — Document Request / Revision / Retirement | GMG-QMS-FRM-0002_v1.0_DRAFT_2026-07-11.docx — Impact Assessment and Reviewer Matrix | GMG-QMS-FRM-0003-BATCH-01_v0.3_DRAFT_2026-08-08.xlsx — Training Impact Assessment Form,GQMS-Controlled,RET-01-CONTROLLED-DOC,yes,GMG-QMS-LOG-0001 (Document Master Register),yes,,2,6
GMG-QMS-Controlled-Repository/01_QMS/FRM,FRM,Controlled blank forms that generate quality records when completed.,document_type,QMS,QA Documentation,GQD,GMG-QMS-FRM-0001_v1.0_DRAFT_2026-07-11.docx — Document Request / Revision / Retirement | GMG-QMS-FRM-0002_v1.0_DRAFT_2026-07-11.docx — Impact Assessment and Reviewer Matrix | GMG-QMS-FRM-0003-BATCH-01_v0.3_DRAFT_2026-08-08.xlsx — Training Impact Assessment Form,GQMS-Controlled,RET-01-CONTROLLED-DOC,yes,GMG-QMS-LOG-0001 (Document Master Register),yes,,3,7
GMG-QMS-Controlled-Repository/01_QMS/LOG,LOG,Registers and logs — running controlled lists.,document_type,QMS,QA Documentation,GQD,GMG-QMS-LOG-0003_v0.3_DRAFT_2026-07-13.xlsx — External Document Register,GQMS-Controlled,RET-01-CONTROLLED-DOC,yes,GMG-QMS-LOG-0001 (Document Master Register),yes,,3,8
GMG-QMS-Controlled-Repository/01_QMS/MTX,MTX,"Matrices — governance, RACI, training and control matrices.",document_type,QMS,QA Documentation,GQD,GMG-QMS-MTX-0002_v1.0_DRAFT_2026-07-11.docx — R&D - Supply Chain Interface Matrix | GMG-QMS-MTX-0003_v1.4_DRAFT_2026-07-16.xlsx — Training Matrix | GMG-QMS-MTX-0004_v1.3_DRAFT_2026-07-14.xlsx — Register Access and Role Matrix,GQMS-Controlled,RET-01-CONTROLLED-DOC,yes,GMG-QMS-LOG-0001 (Document Master Register),yes,,3,9
GMG-QMS-Controlled-Repository/01_QMS/PLN,PLN,Controlled plans with a defined timeframe and deliverables.,document_type,QMS,QA Documentation,GQD,GMG-QMS-PLN-0001_v0.6_DRAFT_2026-07-14.xlsx — SOP-0001 Implementation Plan and Tracker | GMG-QMS-PLN-0002_v1.0_DRAFT_2026-07-11.docx — GQMS Documentation Preparation Plan | GMG-QMS-PLN-0003_v1.0_DRAFT_2026-07-11.docx — Mandatory Group SOP Plan,GQMS-Controlled,RET-01-CONTROLLED-DOC,yes,GMG-QMS-LOG-0001 (Document Master Register),yes,,3,10
GMG-QMS-Controlled-Repository/01_QMS/RSK,RSK,Controlled risk assessments.,document_type,QMS,QA Documentation,GQD,GMG-QMS-RSK-0001_v0.2_DRAFT_2026-07-11.docx — Segregation of Duties Risk Assessment,GQMS-Controlled,RET-01-CONTROLLED-DOC,yes,GMG-QMS-LOG-0001 (Document Master Register),yes,,3,11
GMG-QMS-Controlled-Repository/01_QMS/SOP,SOP,"Standard operating procedures — who does what, when and with which record.",document_type,QMS,QA Documentation,GQD,"GMG-QMS-SOP-0001_v0.34_DRAFT_2026-07-18.docx — Document Control | GMG-QMS-SOP-0002_v0.5_DRAFT_2026-07-11.docx — Record Control and Good Documentation Practice | GMG-QMS-SOP-0003_v0.10_DRAFT_2026-07-18.docx — Training, Qualification and Competency Management",GQMS-Controlled,RET-01-CONTROLLED-DOC,yes,GMG-QMS-LOG-0001 (Document Master Register),yes,,3,12
GMG-QMS-Controlled-Repository/01_QMS/STD,STD,Standards — mandatory group requirements below policy level.,document_type,QMS,QA Documentation,GQD,GMG-QMS-STD-0001_v0.16_DRAFT_2026-08-07.docx — Controlled Document Formatting Standard | GMG-QMS-STD-0002_v0.5_DRAFT_2026-08-03.docx — Business Process Governance Quality Interface Standard,GQMS-Controlled,RET-01-CONTROLLED-DOC,yes,GMG-QMS-LOG-0001 (Document Master Register),yes,,3,13
GMG-QMS-Controlled-Repository/01_QMS/TPL,TPL,Controlled layout and content templates.,document_type,QMS,QA Documentation,GQD,GMG-QMS-TPL-0001_v2.0_DRAFT_2026-07-11.docx — Corporate / SOP Document Template | GMG-QMS-TPL-0002_v1.0_DRAFT_2026-07-11.docx — Policy / Manual Template | GMG-QMS-TPL-0004_v0.2_DRAFT_2026-08-08.xlsx — Training Curriculum Template,GQMS-Controlled,RET-01-CONTROLLED-DOC,yes,GMG-QMS-LOG-0001 (Document Master Register),yes,,3,14
GMG-QMS-Controlled-Repository/01_QMS/WIN,WIN,Work instructions — task-level detail below an SOP.,document_type,QMS,QA Documentation,GQD,GMG-QMS-WIN-0001_v0.1_DRAFT_2026-07-15.docx — Controlled Repository Work Instruction | GMG-QMS-WIN-0002_v0.1_DRAFT_2026-07-15.docx — Document Control During DMS/Repository Downtime,GQMS-Controlled,RET-01-CONTROLLED-DOC,yes,GMG-QMS-LOG-0001 (Document Master Register),yes,,3,15
GMG-QMS-Controlled-Repository/02_GMP,02_GMP,"Good Manufacturing Practice: manufacturing, batch release, validation and site quality system.",domain,GMP,QA; QP; QC; PTM,GQD,GMG-GMP-PLN-0001_v0.1_DRAFT_2026-07-19.docx — GMP Domain Implementation Plan | GMG-GMP-TPL-0001_v1.0_DRAFT_2026-07-11.docx — Master Formula Record Template,GQMS-Controlled,RET-05-GMP-BATCH,yes,GMG-QMS-LOG-0001 (Document Master Register),yes,,2,16
GMG-QMS-Controlled-Repository/02_GMP/PLN,PLN,Controlled plans with a defined timeframe and deliverables.,document_type,GMP,QA; QP; QC; PTM,GQD,GMG-GMP-PLN-0001_v0.1_DRAFT_2026-07-19.docx — GMP Domain Implementation Plan,GQMS-Controlled,RET-05-GMP-BATCH,yes,GMG-QMS-LOG-0001 (Document Master Register),yes,,3,17
GMG-QMS-Controlled-Repository/02_GMP/TPL,TPL,Controlled layout and content templates.,document_type,GMP,QA; QP; QC; PTM,GQD,GMG-GMP-TPL-0001_v1.0_DRAFT_2026-07-11.docx — Master Formula Record Template,GQMS-Controlled,RET-05-GMP-BATCH,yes,GMG-QMS-LOG-0001 (Document Master Register),yes,,3,18
GMG-QMS-Controlled-Repository/03_GDP,03_GDP,"Good Distribution Practice: warehouse, transport, temperature control and RP appointment.",domain,GDP,Warehouse; GDP RP; Supply Chain; QA,GQD,GMG-GDP-PLN-0001_v0.1_DRAFT_2026-07-19.docx — GDP Domain Implementation Plan,Controlled-Where-Regulated,RET-01-CONTROLLED-DOC,yes,GMG-QMS-LOG-0001 (Document Master Register),yes,,2,19
GMG-QMS-Controlled-Repository/03_GDP/PLN,PLN,Controlled plans with a defined timeframe and deliverables.,document_type,GDP,Warehouse; GDP RP; Supply Chain; QA,GQD,GMG-GDP-PLN-0001_v0.1_DRAFT_2026-07-19.docx — GDP Domain Implementation Plan,Controlled-Where-Regulated,RET-01-CONTROLLED-DOC,yes,GMG-QMS-LOG-0001 (Document Master Register),yes,,3,20
GMG-QMS-Controlled-Repository/04_PV,04_PV,"Pharmacovigilance quality system: PSMF, QPPV oversight, ICSR handling, signal management, SDEAs.",domain,PV,QPPV; local QA support,QPPV,GMG-PV-AGR-0001_v0.1_DRAFT_2026-07-16.docx — Intercompany PV Agreement (GMG AG–Setonda interface) | GMG-PV-AGR-0004_v0.1_DRAFT_2026-07-16.docx — Safety-Data-Exchange Agreement — EU QPPV (Setonda / ELM Pharma) | GMG-PV-AGR-0005_v0.1_DRAFT_2026-07-21.docx — Intercompany PV Agreement (GMG AG – GMG Grand Medical İlaçları Ltd),GQMS-Controlled,RET-10-PV-SYSTEM,yes,GMG-QMS-LOG-0001 (Document Master Register),yes,,2,21
GMG-QMS-Controlled-Repository/04_PV/AGR,AGR,"Quality, technical, intercompany and safety-data-exchange agreements.",document_type,PV,QPPV; local QA support,QPPV,GMG-PV-AGR-0001_v0.1_DRAFT_2026-07-16.docx — Intercompany PV Agreement (GMG AG–Setonda interface) | GMG-PV-AGR-0004_v0.1_DRAFT_2026-07-16.docx — Safety-Data-Exchange Agreement — EU QPPV (Setonda / ELM Pharma) | GMG-PV-AGR-0005_v0.1_DRAFT_2026-07-21.docx — Intercompany PV Agreement (GMG AG – GMG Grand Medical İlaçları Ltd),GQMS-Controlled,RET-10-PV-SYSTEM,yes,GMG-QMS-LOG-0001 (Document Master Register),yes,,3,22
GMG-QMS-Controlled-Repository/04_PV/Annex,Annex,PSMF annexes — filed with the PSMF.,document_type,PV,QPPV; local QA support,QPPV,GMG-PV-MAN-0001-H_v0.2_DRAFT_2026-07-21.xlsx — Pharmacovigilance System Master File (PSMF) | GMG-PV-MAN-0002-A_v0.2_DRAFT_2026-08-01.docx — Setonda Pharmacovigilance System Master File | ORG-SET-v01_Setonda-PV-Organisation_2026-08-03.svg,GQMS-Controlled,RET-10-PV-SYSTEM,yes,GMG-QMS-LOG-0001 (Document Master Register),yes,,3,23
GMG-QMS-Controlled-Repository/04_PV/CHK,CHK,Controlled checklists used for verification and release.,document_type,PV,QPPV; local QA support,QPPV,GMG-PV-CHK-0001_v0.8_DRAFT_2026-07-14.xlsx — GQMS Readiness Check | GMG-PV-CHK-0002_v0.4_DRAFT_2026-08-07.docx — PV Readiness and Harmonisation Audit | GMG-PV-CHK-0003_v0.1_DRAFT_2026-07-14.docx — PV Legacy-to-New Traceability and Harmonisation Audit,GQMS-Controlled,RET-10-PV-SYSTEM,yes,GMG-QMS-LOG-0001 (Document Master Register),yes,,3,24
GMG-QMS-Controlled-Repository/04_PV/FRM,FRM,Controlled blank forms that generate quality records when completed.,document_type,PV,QPPV; local QA support,QPPV,GMG-PV-FRM-0001_v0.1_DRAFT_2026-07-16.docx — AE / ICSR Intake Form (incl. CIOMS I) — the AE intake checklist | GMG-PV-FRM-0002_v0.1_DRAFT_2026-07-16.docx — Signal Validation and Assessment Form | GMG-PV-FRM-0005-BATCH-01_v0.2_DRAFT_2026-07-14.docx — Pharmacovigilance Legacy Document Retirement Record,GQMS-Controlled,RET-10-PV-SYSTEM,yes,GMG-QMS-LOG-0001 (Document Master Register),yes,,3,25
GMG-QMS-Controlled-Repository/04_PV/JDS,JDS,Job descriptions.,document_type,PV,QPPV; local QA support,QPPV,GMG-PV-JDS-0001_PV-Role-Descriptions_v0.1_DRAFT_2026-08-01.docx — PV Role Descriptions,GQMS-Controlled,RET-10-PV-SYSTEM,yes,GMG-QMS-LOG-0001 (Document Master Register),yes,,3,26
GMG-QMS-Controlled-Repository/04_PV/LOG,LOG,Registers and logs — running controlled lists.,document_type,PV,QPPV; local QA support,QPPV,GMG-PV-LOG-0001_v0.1_DRAFT_2026-07-14.xlsx — Legacy Document Mapping and Gap Register | GMG-PV-LOG-0002_v0.1_DRAFT_2026-07-16.xlsx — ICSR Case Register — the safety case log | GMG-PV-LOG-0003_v0.1_DRAFT_2026-07-16.xlsx — Signal Register,GQMS-Controlled,RET-10-PV-SYSTEM,yes,GMG-QMS-LOG-0001 (Document Master Register),yes,,3,27
GMG-QMS-Controlled-Repository/04_PV/LST,LST,"Controlled lists of named persons, contacts or items.",document_type,PV,QPPV; local QA support,QPPV,GMG-PV-LST-0002_v0.1_DRAFT_2026-07-16.xlsx — PV Regulatory-Authority Contact List | GMG-PV-LST-0003_v0.1_DRAFT_2026-07-16.xlsx — PSMF Annex Index / Controlled List | GMG-PV-EU-Reference-Data-Draft_v0.1_DRAFT_2026-08-03.xlsx,GQMS-Controlled,RET-10-PV-SYSTEM,yes,GMG-QMS-LOG-0001 (Document Master Register),yes,,3,28
GMG-QMS-Controlled-Repository/04_PV/MAN,MAN,Manuals — system or quality-system descriptions.,document_type,PV,QPPV; local QA support,QPPV,GMG-PV-MAN-0001-H_v0.1_DRAFT_2026-07-15.xlsx — Pharmacovigilance System Master File (PSMF) | GMG-PV-MAN-0002-H_v0.1_DRAFT_2026-07-15.xlsx — Setonda Pharmacovigilance System Master File | GMG-PVG-MAN-0001_v0.1_SUPERSEDED_2026-07-14.docx,GQMS-Controlled,RET-10-PV-SYSTEM,yes,GMG-QMS-LOG-0001 (Document Master Register),yes,,3,29
GMG-QMS-Controlled-Repository/04_PV/MTX,MTX,"Matrices — governance, RACI, training and control matrices.",document_type,PV,QPPV; local QA support,QPPV,GMG-PV-MTX-0001_v0.1_DRAFT_2026-07-11.xlsx — Country AE / Complaint / Promotional Ownership Matrix | GMG-PV-MTX-0002_v0.1_DRAFT_2026-07-14.xlsx — Country PV Regulatory Requirements Matrix | GMG-PV-MTX-0003_v0.3_DRAFT_2026-08-08.docx — PV – Quality Complaint Reconciliation Interface,GQMS-Controlled,RET-10-PV-SYSTEM,yes,GMG-QMS-LOG-0001 (Document Master Register),yes,,3,30
GMG-QMS-Controlled-Repository/04_PV/PLN,PLN,Controlled plans with a defined timeframe and deliverables.,document_type,PV,QPPV; local QA support,QPPV,GMG-PV-PLN-0001_v0.1_DRAFT_2026-07-14.docx — PV Quality System Gap Analysis and Document Plan | GMG-PV-PLN-0002_v0.3_DRAFT_2026-08-08.docx — PV Training and Competency Plan | GMG-PV-PLN-0003_v0.2_DRAFT_2026-07-14.docx — PV Audit and Inspection-Readiness Programme,GQMS-Controlled,RET-10-PV-SYSTEM,yes,GMG-QMS-LOG-0001 (Document Master Register),yes,,3,31
GMG-QMS-Controlled-Repository/04_PV/RPT,RPT,Controlled technical reports.,document_type,PV,QPPV; local QA support,QPPV,GMG-PV-RPT-0001_v0.1_DRAFT_2026-08-08.docx — PV Technical / Assessment Report,GQMS-Controlled,RET-10-PV-SYSTEM,yes,GMG-QMS-LOG-0001 (Document Master Register),yes,,3,32
GMG-QMS-Controlled-Repository/04_PV/RSK,RSK,Controlled risk assessments.,document_type,PV,QPPV; local QA support,QPPV,GMG-PV-RSK-0001_v0.2_DRAFT_2026-07-16.docx — PV System Boundary and Shared-Element Risk Assessment | GMG-PV-Risk-Acceptance-KZ-Local-Role_v0.1_DRAFT_2026-08-08.docx,GQMS-Controlled,RET-10-PV-SYSTEM,yes,GMG-QMS-LOG-0001 (Document Master Register),yes,,3,33
GMG-QMS-Controlled-Repository/04_PV/SOP,SOP,"Standard operating procedures — who does what, when and with which record.",document_type,PV,QPPV; local QA support,QPPV,"GMG-PV-SOP-0001_v0.13_DRAFT_2026-08-07.docx — PV System Governance and QPPV Roles | GMG-PV-SOP-0002_v0.2_SUPERSEDED_2026-07-16.docx — PSMF Creation, Maintenance and Provision | GMG-PV-SOP-0003_v0.11_DRAFT_2026-08-07.docx — ICSR Management (Individual Case Safety Report Management)",GQMS-Controlled,RET-10-PV-SYSTEM,yes,GMG-QMS-LOG-0001 (Document Master Register),yes,,3,34
GMG-QMS-Controlled-Repository/04_PV/TIA,TIA,Training impact assessments.,document_type,PV,QPPV; local QA support,QPPV,GMG-PV-TIA-0001_Transfer-Impact-Assessment-Di10-PV_v0.1_DRAFT_2026-08-01.docx — Transfer Impact Assessment — Di10 PV,GQMS-Controlled,RET-10-PV-SYSTEM,yes,GMG-QMS-LOG-0001 (Document Master Register),yes,,3,35
GMG-QMS-Controlled-Repository/04_PV/TPL,TPL,Controlled layout and content templates.,document_type,PV,QPPV; local QA support,QPPV,GMG-PV-TPL-0002_v1.3_DRAFT_2026-07-14.docx — PSMF Template (main body + Annexes A–H + PSMF logbook) | GMG-PV-TPL-0004_v0.1_DRAFT_2026-07-16.docx — PV Report / Assessment Template,GQMS-Controlled,RET-10-PV-SYSTEM,yes,GMG-QMS-LOG-0001 (Document Master Register),yes,,3,36
GMG-QMS-Controlled-Repository/04_PV/WIN,WIN,Work instructions — task-level detail below an SOP.,document_type,PV,QPPV; local QA support,QPPV,GMG-PV-WIN-0001_v0.4_DRAFT_2026-07-15.docx — Di10-PV MAH Portal — User Instruction | GMG-PV-WIN-0002_v0.1_DRAFT_2026-08-08.docx — PV Digital / Social-Media Monitoring WI | GMG-PV-WIN-0003_v0.1_DRAFT_2026-08-08.docx — Adverse Event Recognition and Forwarding — work instruction,GQMS-Controlled,RET-10-PV-SYSTEM,yes,GMG-QMS-LOG-0001 (Document Master Register),yes,,3,37
GMG-QMS-Controlled-Repository/05_RAF,05_RAF,"Regulatory affairs: dossier lifecycle, variations, commitments and authority correspondence.",domain,RAF,GRA; QA; QP; QC; R&D; PTM,GRA,GMG-RAF-LOG-0001_v0.1_DRAFT_2026-07-16.xlsx — Product–Market–MAH and Marketing Authorisation Register | GMG-RAF-MEM-0001_v0.1_DRAFT_2026-07-11.docx — WDA / Responsible Person Regulatory Position Memo | GMG-RAF-PLN-0001_v0.1_DRAFT_2026-07-19.docx — Regulatory Affairs Domain Implementation Plan,GQMS-Controlled,RET-01-CONTROLLED-DOC,yes,GMG-QMS-LOG-0001 (Document Master Register),yes,,2,38
GMG-QMS-Controlled-Repository/05_RAF/LOG,LOG,Registers and logs — running controlled lists.,document_type,RAF,GRA; QA; QP; QC; R&D; PTM,GRA,GMG-RAF-LOG-0001_v0.1_DRAFT_2026-07-16.xlsx — Product–Market–MAH and Marketing Authorisation Register,GQMS-Controlled,RET-01-CONTROLLED-DOC,yes,GMG-QMS-LOG-0001 (Document Master Register),yes,,3,39
GMG-QMS-Controlled-Repository/05_RAF/MEM,MEM,Memoranda and controlled position papers.,document_type,RAF,GRA; QA; QP; QC; R&D; PTM,GRA,GMG-RAF-MEM-0001_v0.1_DRAFT_2026-07-11.docx — WDA / Responsible Person Regulatory Position Memo,GQMS-Controlled,RET-01-CONTROLLED-DOC,yes,GMG-QMS-LOG-0001 (Document Master Register),yes,,3,40
GMG-QMS-Controlled-Repository/05_RAF/PLN,PLN,Controlled plans with a defined timeframe and deliverables.,document_type,RAF,GRA; QA; QP; QC; R&D; PTM,GRA,GMG-RAF-PLN-0001_v0.1_DRAFT_2026-07-19.docx — Regulatory Affairs Domain Implementation Plan,GQMS-Controlled,RET-01-CONTROLLED-DOC,yes,GMG-QMS-LOG-0001 (Document Master Register),yes,,3,41
GMG-QMS-Controlled-Repository/06_NUT,06_NUT,Food supplement / nutraceutical quality system under HACCP and food law.,domain,NUT,Site QA (food),TBC — not evidenced in PQS matrix,GMG-NUT-AGR-0001_v0.1_DRAFT_2026-08-01.docx — Quality and Technical Agreement — Food Supplements (Template) | GMG-NUT-CHK-0001_v0.1_DRAFT_2026-08-01.docx — Site Food-Safety and HACCP Readiness Checklist | GMG-NUT-CHK-0002_v0.1_DRAFT_2026-08-01.docx — NUT Go-Live Readiness Checklist,GQMS-Controlled,RET-01-CONTROLLED-DOC,yes,GMG-QMS-LOG-0001 (Document Master Register),yes,,2,42
GMG-QMS-Controlled-Repository/06_NUT/AGR,AGR,"Quality, technical, intercompany and safety-data-exchange agreements.",document_type,NUT,Site QA (food),TBC — not evidenced in PQS matrix,GMG-NUT-AGR-0001_v0.1_DRAFT_2026-08-01.docx — Quality and Technical Agreement — Food Supplements (Template),GQMS-Controlled,RET-01-CONTROLLED-DOC,yes,GMG-QMS-LOG-0001 (Document Master Register),yes,,3,43
GMG-QMS-Controlled-Repository/06_NUT/CHK,CHK,Controlled checklists used for verification and release.,document_type,NUT,Site QA (food),TBC — not evidenced in PQS matrix,GMG-NUT-CHK-0001_v0.1_DRAFT_2026-08-01.docx — Site Food-Safety and HACCP Readiness Checklist | GMG-NUT-CHK-0002_v0.1_DRAFT_2026-08-01.docx — NUT Go-Live Readiness Checklist,GQMS-Controlled,RET-01-CONTROLLED-DOC,yes,GMG-QMS-LOG-0001 (Document Master Register),yes,,3,44
GMG-QMS-Controlled-Repository/06_NUT/FRM,FRM,Controlled blank forms that generate quality records when completed.,document_type,NUT,Site QA (food),TBC — not evidenced in PQS matrix,GMG-NUT-FRM-0001_v0.2_DRAFT_2026-08-01.docx — Product Classification and Novel Food Status Assessment | GMG-NUT-FRM-0002_v0.4_DRAFT_2026-08-01.docx — Market Launch and First Commercial Supply Authorisation | GMG-NUT-FRM-0003_v0.2_DRAFT_2026-08-01.docx — Product Development and Stage-Gate Checklist,GQMS-Controlled,RET-01-CONTROLLED-DOC,yes,GMG-QMS-LOG-0001 (Document Master Register),yes,,3,45
GMG-QMS-Controlled-Repository/06_NUT/LOG,LOG,Registers and logs — running controlled lists.,document_type,NUT,Site QA (food),TBC — not evidenced in PQS matrix,GMG-NUT-LOG-0001_v0.3_DRAFT_2026-08-01.xlsx — Food Supplement Product & Composition Register,GQMS-Controlled,RET-01-CONTROLLED-DOC,yes,GMG-QMS-LOG-0001 (Document Master Register),yes,,3,46
GMG-QMS-Controlled-Repository/06_NUT/MTX,MTX,"Matrices — governance, RACI, training and control matrices.",document_type,NUT,Site QA (food),TBC — not evidenced in PQS matrix,GMG-NUT-MTX-0001_v0.4_DRAFT_2026-08-01.xlsx — Product–Market Responsibility and Legal-Entity Matrix | GMG-NUT-MTX-0002_v0.2_DRAFT_2026-08-01.xlsx — Country Regulatory Requirements Matrix (Food Supplements),GQMS-Controlled,RET-01-CONTROLLED-DOC,yes,GMG-QMS-LOG-0001 (Document Master Register),yes,,3,47
GMG-QMS-Controlled-Repository/06_NUT/PLN,PLN,Controlled plans with a defined timeframe and deliverables.,document_type,NUT,Site QA (food),TBC — not evidenced in PQS matrix,GMG-NUT-PLN-0001_v0.2_DRAFT_2026-08-01.docx — Food Supplement Quality System Establishment Plan,GQMS-Controlled,RET-01-CONTROLLED-DOC,yes,GMG-QMS-LOG-0001 (Document Master Register),yes,,3,48
GMG-QMS-Controlled-Repository/06_NUT/RSK,RSK,Controlled risk assessments.,document_type,NUT,Site QA (food),TBC — not evidenced in PQS matrix,GMG-NUT-RSK-0001_v0.1_DRAFT_2026-08-01.docx — Food-Fraud and Authenticity Vulnerability Assessment (Template),GQMS-Controlled,RET-01-CONTROLLED-DOC,yes,GMG-QMS-LOG-0001 (Document Master Register),yes,,3,49
GMG-QMS-Controlled-Repository/06_NUT/SOP,SOP,"Standard operating procedures — who does what, when and with which record.",document_type,NUT,Site QA (food),TBC — not evidenced in PQS matrix,"GMG-NUT-SOP-0001_v0.5_DRAFT_2026-08-01.docx — Food Supplement Quality System — Governance and Scope | GMG-NUT-SOP-0002_v0.5_DRAFT_2026-08-01.docx — Product Development, Composition and Specification Control | GMG-NUT-SOP-0003_v0.4_DRAFT_2026-08-01.docx — Ingredient, Packaging Material and Incoming-Control Requirements for Food Supplements",GQMS-Controlled,RET-01-CONTROLLED-DOC,yes,GMG-QMS-LOG-0001 (Document Master Register),yes,,3,50
GMG-QMS-Controlled-Repository/06_NUT/TPL,TPL,Controlled layout and content templates.,document_type,NUT,Site QA (food),TBC — not evidenced in PQS matrix,GMG-NUT-TPL-0001_v0.1_DRAFT_2026-08-01.docx — HACCP Plan (Template) | GMG-NUT-TPL-0002_v0.1_DRAFT_2026-08-01.docx — Local PRP / Operational Procedure (Template),GQMS-Controlled,RET-01-CONTROLLED-DOC,yes,GMG-QMS-LOG-0001 (Document Master Register),yes,,3,51
GMG-QMS-Controlled-Repository/08_CSV,08_CSV,"Computerised system validation for GxP systems: plans, assessments, tests and reports.",domain,CSV,QA; System Owners,GQD,GMG-CSV-PLN-0001_v0.1_DRAFT_2026-07-19.docx — CSV Domain Implementation Plan | GMG-PV-Di10-PV-Acceptance-Criteria_v0.1_DRAFT_2026-08-03.docx | GMG-PV-Di10-PV-Acceptance-Criteria_v0.1_DRAFT_2026-08-03.pdf,GQMS-Controlled,RET-07-CSV-SYSTEM,yes,GMG-QMS-LOG-0001 (Document Master Register),yes,,2,52
GMG-QMS-Controlled-Repository/08_CSV/PLN,PLN,Controlled plans with a defined timeframe and deliverables.,document_type,CSV,QA; System Owners,GQD,GMG-CSV-PLN-0001_v0.1_DRAFT_2026-07-19.docx — CSV Domain Implementation Plan,GQMS-Controlled,RET-07-CSV-SYSTEM,yes,GMG-QMS-LOG-0001 (Document Master Register),yes,,3,53
GMG-QMS-Controlled-Repository/10_RND,10_RND,"Regulated R&D and technical development, formulation and technology transfer.",domain,RND,R&D; QC; PTM; QA,GQD / GRA where applicable,"GMG-RND-LOG-0001_v0.4_DRAFT_2026-07-11.xlsx — Product and Composition Register | GMG-RND-PLN-0001_v0.1_DRAFT_2026-07-19.docx — R&D Domain Implementation Plan | GMG-RND-SOP-0001_v0.4_DRAFT_2026-07-11.docx — Product and API Development, Formulation and Composition Control",GQMS-Controlled,RET-01-CONTROLLED-DOC,yes,GMG-QMS-LOG-0001 (Document Master Register),yes,,2,54
GMG-QMS-Controlled-Repository/10_RND/LOG,LOG,Registers and logs — running controlled lists.,document_type,RND,R&D; QC; PTM; QA,GQD / GRA where applicable,GMG-RND-LOG-0001_v0.4_DRAFT_2026-07-11.xlsx — Product and Composition Register,GQMS-Controlled,RET-01-CONTROLLED-DOC,yes,GMG-QMS-LOG-0001 (Document Master Register),yes,,3,55
GMG-QMS-Controlled-Repository/10_RND/PLN,PLN,Controlled plans with a defined timeframe and deliverables.,document_type,RND,R&D; QC; PTM; QA,GQD / GRA where applicable,GMG-RND-PLN-0001_v0.1_DRAFT_2026-07-19.docx — R&D Domain Implementation Plan,GQMS-Controlled,RET-01-CONTROLLED-DOC,yes,GMG-QMS-LOG-0001 (Document Master Register),yes,,3,56
GMG-QMS-Controlled-Repository/10_RND/SOP,SOP,"Standard operating procedures — who does what, when and with which record.",document_type,RND,R&D; QC; PTM; QA,GQD / GRA where applicable,"GMG-RND-SOP-0001_v0.4_DRAFT_2026-07-11.docx — Product and API Development, Formulation and Composition Control",GQMS-Controlled,RET-01-CONTROLLED-DOC,yes,GMG-QMS-LOG-0001 (Document Master Register),yes,,3,57
GMG-QMS-Controlled-Repository/10_RND/STD,STD,Standards — mandatory group requirements below policy level.,document_type,RND,R&D; QC; PTM; QA,GQD / GRA where applicable,GMG-RND-STD-0001_Finished-Product-ND-Content-and-Format-Standard_v0.2_DRAFT_2026-07-21.docx — Finished Product Normative Document — Content and Format Standard,GQMS-Controlled,RET-01-CONTROLLED-DOC,yes,GMG-QMS-LOG-0001 (Document Master Register),yes,,3,58
GMG-QMS-Controlled-Repository/30_BPG,30_BPG,Business process governance container. Holds controlled documents that govern business processes; the records those processes produce are operational records and are not filed here.,domain_container,BPG,Process Owners,GQD,,Business-Controlled,RET-08-RETIRED-NON-PRODUCT,yes,GMG-QMS-LOG-0001 (Document Master Register),yes,,2,59
GMG-QMS-Controlled-Repository/30_BPG/COM,COM,"Business process governance — commercial, marketing and customer governance documents.",domain,COM,Commercial,Process Owner — TBC,GMG-COM-AGR-0001_v0.2_DRAFT_2026-08-10.docx — Confidentiality Agreement | GMG-COM-AGR-0002_v0.3_DRAFT_2026-08-10.docx — Paid Feasibility and Development Agreement | GMG-COM-AGR-0003_v0.2_DRAFT_2026-08-10.docx — Services Agreement,Business-Controlled,RET-08-RETIRED-NON-PRODUCT,yes,GMG-QMS-LOG-0001 (Document Master Register),yes,,2,60
GMG-QMS-Controlled-Repository/30_BPG/COM/AGR,AGR,"Quality, technical, intercompany and safety-data-exchange agreements.",document_type,COM,Commercial,Process Owner — TBC,GMG-COM-AGR-0001_v0.2_DRAFT_2026-08-10.docx — Confidentiality Agreement | GMG-COM-AGR-0002_v0.3_DRAFT_2026-08-10.docx — Paid Feasibility and Development Agreement | GMG-COM-AGR-0003_v0.2_DRAFT_2026-08-10.docx — Services Agreement,Business-Controlled,RET-08-RETIRED-NON-PRODUCT,yes,GMG-QMS-LOG-0001 (Document Master Register),yes,,3,61
GMG-QMS-Controlled-Repository/30_BPG/COM/CHK,CHK,Controlled checklists used for verification and release.,document_type,COM,Commercial,Process Owner — TBC,GMG-COM-CHK-0001_v0.3_DRAFT_2026-08-10.docx — Independent Technical and Semantic Review Pack,Business-Controlled,RET-08-RETIRED-NON-PRODUCT,yes,GMG-QMS-LOG-0001 (Document Master Register),yes,,3,62
GMG-QMS-Controlled-Repository/30_BPG/COM/FRM,FRM,Controlled blank forms that generate quality records when completed.,document_type,COM,Commercial,Process Owner — TBC,GMG-COM-FRM-0001_v0.2_DRAFT_2026-08-09.docx — Initial Fit and Opportunity Qualification Record | GMG-COM-FRM-0002_v0.2_DRAFT_2026-08-10.docx — Technical Information Request and Completeness Record | GMG-COM-FRM-0003_v0.2_DRAFT_2026-08-10.docx — Cross-Functional Feasibility Record,Business-Controlled,RET-08-RETIRED-NON-PRODUCT,yes,GMG-QMS-LOG-0001 (Document Master Register),yes,,3,63
GMG-QMS-Controlled-Repository/30_BPG/COM/FWK,FWK,Frameworks.,document_type,COM,Commercial,Process Owner — TBC,GMG-COM-FWK-0001_v0.7_DRAFT_2026-08-06.docx — GMG Integrated Pharmaceutical Products & Solutions Portfolio Framework | GMG-COM-FWK-0002_v0.3_DRAFT_2026-08-10.docx — Contracting and Quality Agreement Framework,Business-Controlled,RET-08-RETIRED-NON-PRODUCT,yes,GMG-QMS-LOG-0001 (Document Master Register),yes,,3,64
GMG-QMS-Controlled-Repository/30_BPG/COM/LOG,LOG,Registers and logs — running controlled lists.,document_type,COM,Commercial,Process Owner — TBC,GMG-COM-LOG-0001_v0.2_DRAFT_2026-08-09.xlsx — Commercial Pipeline and Account Register | GMG-COM-LOG-0002_v0.2_DRAFT_2026-08-09.xlsx — Counterparty Due Diligence and Screening Register | GMG-COM-LOG-0003_v0.1_DRAFT_2026-08-05.docx — Commercial Terms Deviation Register,Business-Controlled,RET-08-RETIRED-NON-PRODUCT,yes,GMG-QMS-LOG-0001 (Document Master Register),yes,,3,65
GMG-QMS-Controlled-Repository/30_BPG/COM/LST,LST,"Controlled lists of named persons, contacts or items.",document_type,COM,Commercial,Process Owner — TBC,GMG-COM-LST-0001_v0.1_DRAFT_2026-08-06.docx — Commercial Domain Document Register and Architecture Control | GMG-COM-LST-0002_v0.1_DRAFT_2026-08-10.docx — Geographic Taxonomy | GMG-COM-LST-0003_v0.2_DRAFT_2026-08-10.docx — Portfolio Indicator and Performance Framework,Business-Controlled,RET-08-RETIRED-NON-PRODUCT,yes,GMG-QMS-LOG-0001 (Document Master Register),yes,,3,66
GMG-QMS-Controlled-Repository/30_BPG/COM/MAN,MAN,Manuals — system or quality-system descriptions.,document_type,COM,Commercial,Process Owner — TBC,GMG-COM-MAN-0002_v0.8_DRAFT_2026-08-09.docx — Pharmaceutical Products & Solutions Sales Playbook and Messaging Guide | GMG-COM-MAN-0003_v0.2_DRAFT_2026-08-10.docx — Commercial Function Governance and Management Manual,Business-Controlled,RET-08-RETIRED-NON-PRODUCT,yes,GMG-QMS-LOG-0001 (Document Master Register),yes,,3,67
GMG-QMS-Controlled-Repository/30_BPG/COM/MTX,MTX,"Matrices — governance, RACI, training and control matrices.",document_type,COM,Commercial,Process Owner — TBC,"GMG-COM-MTX-0001_v0.1_DRAFT_2026-08-04.docx — Site Capability and Approved Capability Statements Matrix | GMG-COM-MTX-0002_v0.1_DRAFT_2026-08-04.docx — Counterparty Classification and Due-Diligence Matrix | GMG-COM-MTX-0003_v0.1_DRAFT_2026-08-04.docx — Business Model, Overlay and Site Routing Matrix",Business-Controlled,RET-08-RETIRED-NON-PRODUCT,yes,GMG-QMS-LOG-0001 (Document Master Register),yes,,3,68
GMG-QMS-Controlled-Repository/30_BPG/COM/PLN,PLN,Controlled plans with a defined timeframe and deliverables.,document_type,COM,Commercial,Process Owner — TBC,GMG-COM-PLN-0001_v0.3_DRAFT_2026-08-09.docx — Document Chain Integrity Recovery Plan | GMG-COM-PLN-0002_v0.1_DRAFT_2026-08-10.docx — Commercial Annual Operating Plan | GMG-COM-PLN-0003_v0.1_DRAFT_2026-08-10.docx — Commercial Business Continuity and Key-Person Continuity Plan,Business-Controlled,RET-08-RETIRED-NON-PRODUCT,yes,GMG-QMS-LOG-0001 (Document Master Register),yes,,3,69
GMG-QMS-Controlled-Repository/30_BPG/COM/POL,POL,Policies — executive-level mandatory commitments.,document_type,COM,Commercial,Process Owner — TBC,GMG-COM-POL-0001_v0.1_DRAFT_2026-08-04.docx — Commercial and Business Development Policy | GMG-COM-POL-0002_v0.2_DRAFT_2026-08-05.docx — Global Expansion and Portfolio Policy,Business-Controlled,RET-08-RETIRED-NON-PRODUCT,yes,GMG-QMS-LOG-0001 (Document Master Register),yes,,3,70
GMG-QMS-Controlled-Repository/30_BPG/COM/RSK,RSK,Controlled risk assessments.,document_type,COM,Commercial,Process Owner — TBC,GMG-COM-RSK-0001_v0.1_DRAFT_2026-08-10.docx — Commercial Risk and Opportunity Register,Business-Controlled,RET-08-RETIRED-NON-PRODUCT,yes,GMG-QMS-LOG-0001 (Document Master Register),yes,,3,71
GMG-QMS-Controlled-Repository/30_BPG/COM/SOP,SOP,"Standard operating procedures — who does what, when and with which record.",document_type,COM,Commercial,Process Owner — TBC,"GMG-COM-SOP-0001_v0.1_DRAFT_2026-08-04.docx — Client Acquisition, Opportunity Management and Commercialisation | GMG-COM-SOP-0002_v0.1_DRAFT_2026-08-10.docx — Commercial Performance Management and Management Review Procedure | GMG-COM-SOP-0003_v0.1_DRAFT_2026-08-10.docx — Commercial Forecasting and Sales Planning Procedure",Business-Controlled,RET-08-RETIRED-NON-PRODUCT,yes,GMG-QMS-LOG-0001 (Document Master Register),yes,,3,72
GMG-QMS-Controlled-Repository/30_BPG/COM/STD,STD,Standards — mandatory group requirements below policy level.,document_type,COM,Commercial,Process Owner — TBC,"GMG-COM-STD-0001_v0.2_DRAFT_2026-08-08.docx — Commercial Terms and Approval Standard | GMG-COM-STD-0002_v0.2_DRAFT_2026-08-06.docx — Promotional and Sales Materials Standard | GMG-COM-STD-0003_v0.2_DRAFT_2026-08-10.docx — Pricing, Costing and Profitability Model",Business-Controlled,RET-08-RETIRED-NON-PRODUCT,yes,GMG-QMS-LOG-0001 (Document Master Register),yes,,3,73
GMG-QMS-Controlled-Repository/30_BPG/COM/TPL,TPL,Controlled layout and content templates.,document_type,COM,Commercial,Process Owner — TBC,"GMG-COM-TPL-0001_v0.3_DRAFT_2026-08-10.docx — Counterparty-Facing Document Template | GMG-COM-TPL-0002_v0.2_DRAFT_2026-08-10.docx — Strategic Account Plan and Account Review Record | GMG-COM-TPL-0003_v0.6_DRAFT_2026-08-10.docx — Client Opportunity Configuration, Proposition Drafting and Issue-Control Template",Business-Controlled,RET-08-RETIRED-NON-PRODUCT,yes,GMG-QMS-LOG-0001 (Document Master Register),yes,,3,74
GMG-QMS-Controlled-Repository/30_BPG/COM/URS,URS,User requirement specifications.,document_type,COM,Commercial,Process Owner — TBC,GMG-COM-URS-0001_v0.1_DRAFT_2026-08-10.docx — Commercial System User Requirements Specification,Business-Controlled,RET-08-RETIRED-NON-PRODUCT,yes,GMG-QMS-LOG-0001 (Document Master Register),yes,,3,75
GMG-QMS-Controlled-Repository/30_BPG/COM/WIN,WIN,Work instructions — task-level detail below an SOP.,document_type,COM,Commercial,Process Owner — TBC,GMG-COM-WIN-0001_v0.3_DRAFT_2026-08-09.docx — Client Acquisition and Commercialisation Workflow,Business-Controlled,RET-08-RETIRED-NON-PRODUCT,yes,GMG-QMS-LOG-0001 (Document Master Register),yes,,3,76
GMG-QMS-Controlled-Repository/30_BPG/HR,HR,"Business process governance — human resources, organisation and competence documents.",domain,HR,Human Resources,Process Owner — TBC,"GMG-HR-FRM-0021_v0.8_DRAFT_2026-08-06.docx — Working Time, Leave and Absence Request and Approval Form | GMG-HR-MTX-0010_v0.5_DRAFT_2026-08-05.xlsx — HR Record Retention and Access Matrix | GMG-HR-POL-0001_v0.5_DRAFT_2026-08-04.docx — Group Employment and People Management Policy",Confidential,RET-04-TRAINING,yes,GMG-QMS-LOG-0001 (Document Master Register),yes,,2,77
GMG-QMS-Controlled-Repository/30_BPG/HR/AGR,AGR,"Quality, technical, intercompany and safety-data-exchange agreements.",document_type,HR,Human Resources,Process Owner — TBC,MYG-HR-AGR-0001_v0.3_DRAFT_2026-08-06.docx — Acuerdo de Anticipo de Vacaciones Anuales / Annual Leave Advance Agreement,Confidential,RET-04-TRAINING,yes,GMG-QMS-LOG-0001 (Document Master Register),yes,,3,78
GMG-QMS-Controlled-Repository/30_BPG/HR/CHK,CHK,Controlled checklists used for verification and release.,document_type,HR,Human Resources,Process Owner — TBC,GMG-HR-CHK-0001_v0.1_DRAFT_2026-08-04.docx | GMG-HR-CHK-0002_v0.1_DRAFT_2026-08-04.docx | GMG-HR-CHK-0003_v0.1_DRAFT_2026-08-04.docx,Confidential,RET-04-TRAINING,yes,GMG-QMS-LOG-0001 (Document Master Register),yes,,3,79
GMG-QMS-Controlled-Repository/30_BPG/HR/FRM,FRM,Controlled blank forms that generate quality records when completed.,document_type,HR,Human Resources,Process Owner — TBC,"GMG-HR-FRM-0021_v0.8_DRAFT_2026-08-06.docx — Working Time, Leave and Absence Request and Approval Form | GMG-HR-FRM-0001_v0.1_DRAFT_2026-08-04.docx | GMG-HR-FRM-0002_v0.1_DRAFT_2026-08-04.docx",Confidential,RET-04-TRAINING,yes,GMG-QMS-LOG-0001 (Document Master Register),yes,,3,80
GMG-QMS-Controlled-Repository/30_BPG/HR/LOG,LOG,Registers and logs — running controlled lists.,document_type,HR,Human Resources,Process Owner — TBC,GMG-HR-LOG-0001_v0.1_DRAFT_2026-08-04.xlsx | GMG-HR-LOG-0002_v0.1_DRAFT_2026-08-04.xlsx | GMG-HR-LOG-0003_v0.1_DRAFT_2026-08-04.xlsx,Confidential,RET-04-TRAINING,yes,GMG-QMS-LOG-0001 (Document Master Register),yes,,3,81
GMG-QMS-Controlled-Repository/30_BPG/HR/MTX,MTX,"Matrices — governance, RACI, training and control matrices.",document_type,HR,Human Resources,Process Owner — TBC,GMG-HR-MTX-0010_v0.5_DRAFT_2026-08-05.xlsx — HR Record Retention and Access Matrix | GMG-HR-MTX-0001_v0.1_DRAFT_2026-08-04.xlsx | GMG-HR-MTX-0002_v0.1_DRAFT_2026-08-04.xlsx,Confidential,RET-04-TRAINING,yes,GMG-QMS-LOG-0001 (Document Master Register),yes,,3,82
GMG-QMS-Controlled-Repository/30_BPG/HR/PLN,PLN,Controlled plans with a defined timeframe and deliverables.,document_type,HR,Human Resources,Process Owner — TBC,GMG-HR-PLN-0001_v0.1_DRAFT_2026-08-04.docx | GMG-HR-PLN-0002_v0.1_DRAFT_2026-08-04.docx | GMG-HR-PLN-0003_v0.1_DRAFT_2026-08-04.docx,Confidential,RET-04-TRAINING,yes,GMG-QMS-LOG-0001 (Document Master Register),yes,,3,83
GMG-QMS-Controlled-Repository/30_BPG/HR/POL,POL,Policies — executive-level mandatory commitments.,document_type,HR,Human Resources,Process Owner — TBC,"GMG-HR-POL-0001_v0.5_DRAFT_2026-08-04.docx — Group Employment and People Management Policy | GMG-HR-POL-0002_v0.5_DRAFT_2026-08-04.docx — Equal Opportunity, Diversity and Anti-Discrimination Policy | GMG-HR-POL-0003_v0.5_DRAFT_2026-08-04.docx — Anti-Harassment, Respectful Workplace and Non-Retaliation Policy",Confidential,RET-04-TRAINING,yes,GMG-QMS-LOG-0001 (Document Master Register),yes,,3,84
GMG-QMS-Controlled-Repository/30_BPG/HR/RPT,RPT,Controlled technical reports.,document_type,HR,Human Resources,Process Owner — TBC,GMG-HR-RPT-0001_v0.1_DRAFT_2026-08-04.xlsx | GMG-HR-RPT-0002_v0.1_DRAFT_2026-08-04.docx | GMG-HR-RPT-0003_v0.1_DRAFT_2026-08-04.docx,Confidential,RET-04-TRAINING,yes,GMG-QMS-LOG-0001 (Document Master Register),yes,,3,85
GMG-QMS-Controlled-Repository/30_BPG/HR/RSK,RSK,Controlled risk assessments.,document_type,HR,Human Resources,Process Owner — TBC,GMG-HR-RSK-0021_v0.6_DRAFT_2026-08-05.docx — Leave Administration — GQMS Perimeter Risk Assessment | GMG-HR-RSK-0001_v0.1_DRAFT_2026-08-03_SUPERSEDED_renumbered.docx,Confidential,RET-04-TRAINING,yes,GMG-QMS-LOG-0001 (Document Master Register),yes,,3,86
GMG-QMS-Controlled-Repository/30_BPG/HR/SOP,SOP,"Standard operating procedures — who does what, when and with which record.",document_type,HR,Human Resources,Process Owner — TBC,"GMG-HR-SOP-0021_v0.9_DRAFT_2026-08-06.docx — Working Time, Leave, Permission and Absence Administration | GMG-HR-SOP-0001_v0.1_DRAFT_2026-08-04.docx | GMG-HR-SOP-0002_v0.1_DRAFT_2026-08-04.docx",Confidential,RET-04-TRAINING,yes,GMG-QMS-LOG-0001 (Document Master Register),yes,,3,87
GMG-QMS-Controlled-Repository/30_BPG/HR/STD,STD,Standards — mandatory group requirements below policy level.,document_type,HR,Human Resources,Process Owner — TBC,"MYG-HR-STD-0001_v0.2_DRAFT_2026-08-06.docx — Anexo Local de Tiempo de Trabajo, Vacaciones y Ausencias / Local Working Time, Leave and Absence Addendum | GMG-HR-STD-0001_v0.1_DRAFT_2026-08-04.docx",Confidential,RET-04-TRAINING,yes,GMG-QMS-LOG-0001 (Document Master Register),yes,,3,88
GMG-QMS-Controlled-Repository/30_BPG/HR/TPL,TPL,Controlled layout and content templates.,document_type,HR,Human Resources,Process Owner — TBC,"GMG-HR-TPL-0021_v0.9_DRAFT_2026-08-06.docx — Local Working Time, Leave and Absence Addendum Template | GMG-HR-TPL-0022_v0.1_DRAFT_2026-08-06.docx — Annual Leave Advance Agreement Template | GMG-HR-TPL-0001_v0.1_DRAFT_2026-08-04.docx",Confidential,RET-04-TRAINING,yes,GMG-QMS-LOG-0001 (Document Master Register),yes,,3,89
GMG-QMS-Controlled-Repository/30_BPG/HR/WIN,WIN,Work instructions — task-level detail below an SOP.,document_type,HR,Human Resources,Process Owner — TBC,GMG-HR-WIN-0001_v0.1_DRAFT_2026-08-04.docx | GMG-HR-WIN-0002_v0.1_DRAFT_2026-08-04.docx | GMG-HR-WIN-0003_v0.1_DRAFT_2026-08-04.docx,Confidential,RET-04-TRAINING,yes,GMG-QMS-LOG-0001 (Document Master Register),yes,,3,90
GMG-QMS-Controlled-Repository/30_BPG/SCM,SCM,"Business process governance — supply chain, demand planning and master data documents.",domain,SCM,Supply Chain,Process Owner — TBC,GMG-SCM-FRM-0001_v1.0_DRAFT_2026-07-11.docx — Material and Product Code Request / Allocation | GMG-SCM-LOG-0001_v0.3_DRAFT_2026-07-11.xlsx — Material Master Register | GMG-SCM-SOP-0001_v0.3_DRAFT_2026-07-11.docx — Material and Product Master Data Coding,Controlled-Where-Regulated,RET-08-RETIRED-NON-PRODUCT,yes,GMG-QMS-LOG-0001 (Document Master Register),yes,,2,91
GMG-QMS-Controlled-Repository/30_BPG/SCM/FRM,FRM,Controlled blank forms that generate quality records when completed.,document_type,SCM,Supply Chain,Process Owner — TBC,GMG-SCM-FRM-0001_v1.0_DRAFT_2026-07-11.docx — Material and Product Code Request / Allocation,Controlled-Where-Regulated,RET-08-RETIRED-NON-PRODUCT,yes,GMG-QMS-LOG-0001 (Document Master Register),yes,,3,92
GMG-QMS-Controlled-Repository/30_BPG/SCM/LOG,LOG,Registers and logs — running controlled lists.,document_type,SCM,Supply Chain,Process Owner — TBC,GMG-SCM-LOG-0001_v0.3_DRAFT_2026-07-11.xlsx — Material Master Register,Controlled-Where-Regulated,RET-08-RETIRED-NON-PRODUCT,yes,GMG-QMS-LOG-0001 (Document Master Register),yes,,3,93
GMG-QMS-Controlled-Repository/30_BPG/SCM/SOP,SOP,"Standard operating procedures — who does what, when and with which record.",document_type,SCM,Supply Chain,Process Owner — TBC,GMG-SCM-SOP-0001_v0.3_DRAFT_2026-07-11.docx — Material and Product Master Data Coding,Controlled-Where-Regulated,RET-08-RETIRED-NON-PRODUCT,yes,GMG-QMS-LOG-0001 (Document Master Register),yes,,3,94
GMG-QMS-Controlled-Repository/30_BPG/SCM/TPL,TPL,Controlled layout and content templates.,document_type,SCM,Supply Chain,Process Owner — TBC,GMG-SCM-TPL-0001_v1.0_DRAFT_2026-07-11.docx — Specification Template,Controlled-Where-Regulated,RET-08-RETIRED-NON-PRODUCT,yes,GMG-QMS-LOG-0001 (Document Master Register),yes,,3,95
GMG-QMS-Controlled-Repository/30_BPG/SCM/WIN,WIN,Work instructions — task-level detail below an SOP.,document_type,SCM,Supply Chain,Process Owner — TBC,GMG-SCM-WIN-0001_v1.0_DRAFT_2026-07-11.docx — Code Allocation Work Instruction,Controlled-Where-Regulated,RET-08-RETIRED-NON-PRODUCT,yes,GMG-QMS-LOG-0001 (Document Master Register),yes,,3,96
GMG-QMS-Controlled-Repository/90_Registers,90_Registers,Repository control registers and master lists.,record_area,QMS,QA Documentation,GQD,GMG-QMS-LOG-0001_v1.09_DRAFT_2026-08-10.xlsx — Document Master Register | GMG-QMS-LOG-0002_v1.0_DRAFT_2026-07-11.xlsx — Controlled Copy Log | GMG-QMS-LOG-0004_v0.3_DRAFT_2026-07-11.xlsx — Document Retention Schedule,GQMS-Controlled,RET-03-REGISTER,yes,GMG-QMS-LOG-0007 (Storage Location Register),no,,4,97
GMG-QMS-Controlled-Repository/91_Implementation,91_Implementation,Implementation plans and trackers for the quality system build.,record_area,QMS,QA Documentation,GQD,00_all_folders_2175.csv | 00_folder_list_flat.json | 00_folder_tree.json,GQMS-Controlled,RET-03-REGISTER,yes,GMG-QMS-LOG-0007 (Storage Location Register),no,,4,98
GMG-QMS-Controlled-Repository/92_Approval_Records,92_Approval_Records,Approval and release evidence for controlled documents.,record_area,QMS,QA Documentation,GQD,GMG-PV-Appointment-Order-DeputyQPPV_Prikaz-6P-21P_2025-06-09_Argyngazykyzy.pdf | GMG-PV-Appointment-Order-QPPV_Prikaz-1P-21P_2026-05-04_Musayev.pdf | GMG-PV-Deputy-Order-and-Authority-Notification_2026-08-05.md,GQMS-Controlled,RET-02-APPROVAL-WORKFLOW,yes,GMG-QMS-LOG-0007 (Storage Location Register),no,,4,99
GMG-QMS-Controlled-Repository/93_Risk_and_Compliance,93_Risk_and_Compliance,"Risk assessments, inspection readiness and compliance evidence.",record_area,QMS,QA Documentation; GQD,GQD,GMG-PV-SOP-Review_Proposed-Changes_2026-08-05.xlsx | GMG-PVigi-FSAD-Bilgi-Talebi-Yanit_2026-08-05_GONDERIM.xlsx | GMG-PVigi-duzeltme-notu_2026-08-05.md,GQMS-Controlled,RET-06-QUALITY-EVENT,yes,GMG-QMS-LOG-0007 (Storage Location Register),no,,4,100
GMG-QMS-Controlled-Repository/95_Training,95_Training,"Training attendance, effectiveness and competence evidence linked to controlled documents.",record_area,QMS,Training Coordinator; Local QA,GQD,GMG-PV-WIN-0004-M1_PV-Training-Session-Pack-Module-1_v0.2_DRAFT_2026-08-08.pdf — Pharmacovigilance Training Curriculum,GQMS-Controlled,RET-04-TRAINING,yes,GMG-QMS-LOG-0007 (Storage Location Register),no,,4,101
GMG-QMS-Controlled-Repository/96_Audits,96_Audits,"Internal and external audit records, findings and CAPA evidence.",record_area,QMS,QA Documentation; GQD,GQD,GMG-PV-PLN-0007-A-v0.4-Apply-Sheet_v0.1_DRAFT_2026-08-03.xlsx — PV System Development and Implementation Plan | GMG-PV-DEC-0001_Organisation-and-Roles-Decision-Record_v0.1_DRAFT_2026-08-03.docx | GMG-PV-CC-0002_Stale-Code-References_v0.1_DRAFT_2026-08-08.docx,GQMS-Controlled,RET-06-QUALITY-EVENT,yes,GMG-QMS-LOG-0007 (Storage Location Register),no,,4,102
GMG-QMS-Controlled-Repository/99_Archive,99_Archive,Superseded and retired material retained under the retention schedule.,record_area,QMS,QA Documentation,GQD,GMG-NUT-FRM-0001_v0.1_SUPERSEDED_2026-08-01.docx — Product Classification and Novel Food Status Assessment | GMG-NUT-FRM-0002_v0.1_SUPERSEDED_2026-08-01.docx — Market Launch and First Commercial Supply Authorisation | GMG-NUT-FRM-0003_v0.1_SUPERSEDED_2026-08-01.docx — Product Development and Stage-Gate Checklist,Archive-Restricted,RET-08-RETIRED-NON-PRODUCT,yes,GMG-QMS-LOG-0007 (Storage Location Register),no,,4,103
