path	expected_sha256	actual_sha256	expected_bytes	actual_bytes	result
frontend/Diten.Web/Controllers/SupplyChainCarriersController.cs	23bab49885ecee5b671994c227320ee880feedb3dbcbf7d378b1f44bedbe0505	23bab49885ecee5b671994c227320ee880feedb3dbcbf7d378b1f44bedbe0505	9379	9379	PASS
frontend/Diten.Web/Models/SupplyChain/Carriers/CarrierViewModels.cs	04bf0b7314e9d3a103c518b68030a51f1ba8227312dff2ce9f733f2716710137	04bf0b7314e9d3a103c518b68030a51f1ba8227312dff2ce9f733f2716710137	842	842	PASS
frontend/Diten.Web/Views/SupplyChain/Carriers/CarriersIndex.cs	eef074c6df0091bf0b3cba4760aad070962ee80927ac72e75ee8fbf786bc3ad7	eef074c6df0091bf0b3cba4760aad070962ee80927ac72e75ee8fbf786bc3ad7	84	84	PASS
frontend/Diten.Web/Views/SupplyChain/Carriers/Index.cshtml	da254157aa3edc3a32434281e71303c1fd7a2bf9bc8863afe4b21884b37ddd0a	da254157aa3edc3a32434281e71303c1fd7a2bf9bc8863afe4b21884b37ddd0a	2728	2728	PASS
frontend/Diten.Web/Views/SupplyChain/Carriers/_Filter.cshtml	d8f2350e33c4fffdc9cf399019b0aa512553cf748be033217ebf77643bb6d18e	d8f2350e33c4fffdc9cf399019b0aa512553cf748be033217ebf77643bb6d18e	1656	1656	PASS
frontend/Diten.Web/Views/SupplyChain/Carriers/_DataTable.cshtml	1a3465f57a03f2d066d9edd769049aa732a94eda7e47d8e8bb9ddc6e3de6441d	1a3465f57a03f2d066d9edd769049aa732a94eda7e47d8e8bb9ddc6e3de6441d	1194	1194	PASS
frontend/Diten.Web/Views/SupplyChain/Carriers/_IndexL10n.cshtml	c232210da44b6a21f1979c9ed5dc9bf79100b8bdf2beef6f36edbd5ffe25d601	c232210da44b6a21f1979c9ed5dc9bf79100b8bdf2beef6f36edbd5ffe25d601	3395	3395	PASS
frontend/Diten.Web/Views/SupplyChain/Carriers/_CreateEditOffcanvas.cshtml	1ac551ef2e0c13fce92085169b8da988ec3c907ac48aa773ecf9385f3fb23e77	1ac551ef2e0c13fce92085169b8da988ec3c907ac48aa773ecf9385f3fb23e77	3857	3857	PASS
frontend/Diten.Web/Views/SupplyChain/Carriers/_ChangeStatusOffcanvas.cshtml	1606fdcddbad8257c52926be2dabaa25ae0aed59c971056805d4ea0d4bf74352	1606fdcddbad8257c52926be2dabaa25ae0aed59c971056805d4ea0d4bf74352	2286	2286	PASS
frontend/Diten.Web/wwwroot/assets/js/SupplyChain/Carriers/index.js	fbedd0b03323a11de1a019762887bb5b385e77ba4a221d26315b6de5ff13aa0e	fbedd0b03323a11de1a019762887bb5b385e77ba4a221d26315b6de5ff13aa0e	26554	26554	PASS
frontend/Diten.Web/wwwroot/assets/js/SupplyChain/Carriers/index.l10n.js	8a62578a0f5652a12eed8cd5d4bd8824b8a079f50cc018848f001768aa76ab8d	8a62578a0f5652a12eed8cd5d4bd8824b8a079f50cc018848f001768aa76ab8d	2070	2070	PASS
frontend/Diten.Web/Resources/Views/SupplyChain/Carriers/CarriersIndex.en.resx	85203507ef86074e26b2383aaebba886901f9ac1ca2c89b804ada224eeb8fdbe	85203507ef86074e26b2383aaebba886901f9ac1ca2c89b804ada224eeb8fdbe	4820	4820	PASS
frontend/Diten.Web/Resources/Views/SupplyChain/Carriers/CarriersIndex.tr.resx	5c0c2ddc896a7fd9e50d9683dedb314d9be9d1556ce7f9f68964deef3f5d7ef5	5c0c2ddc896a7fd9e50d9683dedb314d9be9d1556ce7f9f68964deef3f5d7ef5	4888	4888	PASS
frontend/Diten.Web/Resources/Views/SupplyChain/Carriers/CarriersIndex.fr.resx	f771c7513b6be17893d8cdab349da3359cd2ec4ff0c451c2e0c08744082931db	f771c7513b6be17893d8cdab349da3359cd2ec4ff0c451c2e0c08744082931db	4941	4941	PASS
frontend/Diten.Web/Resources/Views/SupplyChain/Carriers/CarriersIndex.es.resx	1b5e68ae583384ffa86b506c910bed6d5f07995d9989731758d3bc05bd57283f	1b5e68ae583384ffa86b506c910bed6d5f07995d9989731758d3bc05bd57283f	4963	4963	PASS
frontend/Diten.Web/Resources/Views/SupplyChain/Carriers/CarriersIndex.zh.resx	70572ba2a0388a4a16c163cf29935af8c36ea6c5069621b0f6aa36a1857438b4	70572ba2a0388a4a16c163cf29935af8c36ea6c5069621b0f6aa36a1857438b4	4558	4558	PASS
frontend/Diten.Web/Resources/Views/SupplyChain/Carriers/CarriersIndex.ar.resx	e172aef8e6ee427d460ed74511117f3110117fae3b822954f7357813261f877c	e172aef8e6ee427d460ed74511117f3110117fae3b822954f7357813261f877c	5324	5324	PASS
frontend/Diten.Web/Resources/Views/SupplyChain/Carriers/CarriersIndex.ru.resx	db17b7c1d7bc707528153a62f43db90f5f841c6d7fbcf9edf41471c21d4751a0	db17b7c1d7bc707528153a62f43db90f5f841c6d7fbcf9edf41471c21d4751a0	6015	6015	PASS
frontend/Diten.Web.Tests/Controllers/SupplyChainCarriersControllerTests.cs	d7b94b27d446696b90cbde5b1fd0e2d68bc8fff20ede0a71ce8e125c4e57b46d	d7b94b27d446696b90cbde5b1fd0e2d68bc8fff20ede0a71ce8e125c4e57b46d	8454	8454	PASS
frontend/Diten.Web.Tests/Forms/CarrierFormContractTests.cs	c136d382b06a66f1feab96cd9390346731c34f1a00d090b1fee6223d1d41c3e9	c136d382b06a66f1feab96cd9390346731c34f1a00d090b1fee6223d1d41c3e9	3845	3845	PASS
frontend/Diten.Web.Tests/JavaScript/CarrierIndexBehaviorTests.cs	5393232f80bf7a24e468e7d49fbc2efcc7b564b1fa5c9daa2fcecc655760e79b	5393232f80bf7a24e468e7d49fbc2efcc7b564b1fa5c9daa2fcecc655760e79b	3301	3301	PASS
