row	criterion	result	observed	evidence_level	evidence
CU-VS1	Early vertical slice	PASS	page/list/resolve 200; POST body exact text (no carrierId) → 201 Open CLM-…; browser sees only its own trace; Web log: Trace→Root forwarded to Gateway 5900; DB claim/receipt/audit/outbox(Pending ClaimOpened) all carry Shipment root 08920312…; reload shows 250.00; K10 +1/+1/+1/+1	OBSERVED runtime (BR+HTTP+DB+log)	kit/browser/vs1-a1.json; kit/raw/db/vs1-root-a1.json; kit/raw/logs-excerpt/web-root-forwarding.log; kit/raw/db/db-assertions.tsv (vs1)
CU-01	Same-origin chain	PASS	all browser adapter calls on 127.0.0.1:5901; no request to 5900/5961; only foreign hosts = shell Google Fonts; no bearer in browser (CU-26)	OBSERVED runtime (BR)	kit/browser/vs1-a1.json (CU-01-same-origin); F8-SCAN-ALL.tsv
CU-02	List query parity	PASS	Apply sends only ?shipmentId=…; no X-Tenant-Id; Reset reloads with empty query	OBSERVED runtime (BR+HTTP)	kit/browser/ui-flows-a1.json (CU-02-filter)
CU-03	Envelope/absent fields	PASS	2 rows, 'Not provided' ×≥2, no action on row without claimId; malformed envelope → error state, table+skeleton hidden	OBSERVED runtime (BR, crafted list response)	kit/browser/crafted-a1.json; kit/png/cu03-*.png
CU-04	Exact amount text	PASS	'000250.00' and 80-char value rendered byte-exact in <bdi dir=ltr>	OBSERVED runtime (BR, crafted)	kit/browser/crafted-a1.json; kit/png/cu04-exact-amount-en.png
CU-05	Skeleton/empty/error	PASS	skeleton display:block 958→3357 ms through a 2.5 s delayed load (still visible at 2000 ms), then table; empty [] → table + shared DtEmptyTable text; 503 → error state + message + support ref + Retry; three distinct states	OBSERVED runtime (BR, crafted/delayed)	kit/browser/cu05-a1.json; kit/png/cu05-*.png
CU-06	UAS-001 no read	PASS	page 200 in shell with exactly one .diten-access-denied; no table/skeleton/filter/Add; no technical text; list/resolve/create adapters 403 FORBIDDEN; 0 browser adapter calls	OBSERVED runtime (BR+HTTP)	kit/browser/checks-neg-a1.json (CU-06-noread); kit/png/uas001-noread-access-denied-en.png
CU-07	Create CTA gating	PASS	read-only: no CTA, direct create/transition/resolve 403, zero write; read+create WITHOUT shipments.read: no CTA, create 403, resolve 403; read+create+shipments.read: CTA shown	OBSERVED runtime (BR+HTTP+DB)	kit/browser/checks-neg-a1.json (CU-07-readonly); kit/browser/matrix-createNoShipRead-a1.json; kit/browser/matrixdom-createNoShipRead-a2.json; kit/browser/matrixdom-createOnly-a2.json; kit/raw/fixture/matrix-role-*.json
CU-08	Action gating matrix	PASS	6 grant configs × 7 status rows: offered targets = §32.7 exactly; missing/unrelated grant → 403 (create-only Withdrawn 403, settle-only Close 403, investigate→Approve/Reject 403, decide→Investigate/Settle 403); exact grant → 200 (Open→Investigating/Withdrawn, Inv→Rejected, Rejected→Closed, Approved→Settled); K10 deltas exact; UI Open→Investigating 200 + reload, no approvedAmount sent	OBSERVED runtime (BR+HTTP+DB)	kit/browser/matrix-*-a1.json (calls); kit/browser/matrixdom-*-a*.json (DOM); kit/browser/ui-flows-a1.json (CU-08-open-to-investigating); kit/raw/db/db-assertions.tsv (mx-*)
CU-09	Create body parity	PASS	body text exactly {shipmentId,reasonCode,claimedAmount:"250.00",currency}; amount a JSON string; no tenant/LE/root/key in body or scope headers; Idempotency-Key header present; DB +1/+1/+1/+1	OBSERVED runtime (HTTP+DB)	kit/browser/vs1-a1.json (CU-09-create-body-parity); kit/raw/db/vs1-root-a1.json
CU-10	Carrier link	PASS with lane grant; prerequisite undocumented	run 1 (no supplychain.carriers.read): checkbox enabled, carrierId sent → 503 CLAIM_REFERENCE_UNAVAILABLE, K10 zero write; run 2 (lane-only grant): 201, DB CarrierId = shipment carrier; unchecked → carrierId omitted → 201; existing different carrier → 422 CLAIM_CARRIER_MISMATCH (non-existent carrier → 404 safe); no-carrier shipment → checkbox disabled (VS1)	OBSERVED runtime (BR+HTTP+DB)	kit/browser/checks-mut-nogrant-a1.json; kit/browser/checks-mut-grant-a1.json; kit/browser/extra-a1.json (CU-10-unchecked…); kit/browser/extra2-a1.json (CU-10-direct-different-carrier-422); kit/raw/fixture/cu10-carriers-read-grant.json; kit/raw/fixture/carrier2.json
CU-11	Amount/currency lexical	PASS	1e2/+1/' 1'/1./.1/usd/JSON number → 400 INVALID_REQUEST; 0/-0/-1 → 422 CLAIM_AMOUNT_INVALID; ZZZ → 201; UI sends '1e2'/'usd' unchanged (no uppercase), 400 localized, inputs kept; zero write on rejects (K10)	OBSERVED runtime (BR+HTTP+DB)	kit/browser/extra-a1.json (CU-11-lexical-full); kit/browser/checks-neg-a1.json; kit/png/cu11-lexical-400-en.png
CU-12	Presence ≠ nonempty	PASS	UI sent reasonCode '' and evidenceReferenceIds [''] → 201; no required/maxlength/pattern on inputs; empty resolution/note transition 200; DB stores '' and [''], audit ResolutionCode ''/Note ''	OBSERVED runtime (BR+HTTP+DB)	kit/browser/cu12-a1.json; kit/raw/db/cu12-exact-empty-a1.json
CU-13	Resolve stale-response guard	PASS	first resolve (SEED) delayed 3 s arrived last; DISPATCHED result kept; input unchanged	OBSERVED runtime (BR, delayed route)	kit/browser/crafted-a1.json (CU-13); kit/png/cu13-stale-resolve-en.png
CU-14	Safe-not-found, create	PASS	HTTP: unknown/foreign-tenant/soft-deleted/foreign-LE(LE-B)/foreign-tenant(T2) → identical 404 CLAIM_NOT_FOUND shape (status, code, message, keys), header = error.correlationId; UI: one localized text + support ref in all 4 cases, resolved block hidden, no shipment number, submit disabled, 0 success bodies	OBSERVED runtime (BR+HTTP)	kit/browser/checks-neg-a1.json (CU-14); kit/browser/nf-ui-a1.json (CU-14-ui…); kit/png/cu14-ui-*.png
CU-15	Safe-not-found, transition	PASS	HTTP 404 CLAIM_NOT_FOUND for unknown/soft-deleted/foreign-tenant/foreign-LE claims; UI (row loaded, claim foreign/deleted at submit): same localized text as CU-14 + support ref, surface closed, inert, not Tab-reachable, list reload; finding F-Q122-01 (LOW): the foreign-LE path's wire message text differs (not shown in UI). checks-neg-a1 marked FAIL only on the harness's extra message-identity check	OBSERVED runtime (BR+HTTP)	kit/browser/checks-neg-a1.json (CU-15, see note); kit/browser/nf-ui-a1.json (CU-15-ui…); kit/png/cu15-ui-*.png
CU-16	Cross-LE list	PASS	LE-B list 0 LE-A claims; ?shipmentId=<LE-A SEED> → []; LE-A list 9	OBSERVED runtime (BR+HTTP)	kit/browser/checks-neg-a1.json (CU-16); kit/png/cu16-leb-list-en.png
CU-17	Eligibility display vs server	PASS	Draft, Planned, Cancelled: note visible + submit disabled; direct POST → 422 CLAIM_SHIPMENT_INELIGIBLE (zero write)	OBSERVED runtime (BR+HTTP+DB)	kit/browser/extra2-a1.json (CU-17-planned-cancelled-draft); kit/browser/checks-neg-a1.json; kit/raw/fixture/matrix-fixture.json
CU-18	Root seam	PASS (CT disposition)	mutations carry the Shipment root (VS1 DB/log); null root → 503 CLAIM_REFERENCE_INCOMPLETE via HTTP and UI (localized alert, inputs kept, same-key identical-body retry), zero write; 502 branch accepted from backend tests (fresh run: ClaimReferenceTests …DistinguishesIncompleteFromMalformed(mode: malformed, status: 502) Passed); malformed root at runtime → Shipment API GET 500 (F-0183-500, MOD-0183, reproduced) → adapter 503 CLAIM_REFERENCE_UNAVAILABLE; root never reached the browser (0 leaks)	OBSERVED runtime + backend test	kit/browser/cu18-a1.json; kit/browser/cu18ui-a1.json; kit/raw/fixture/cu18-root-edit.json; kit/raw/logs-excerpt/cu18-root-seam.log; logs/test-a2/supplychain-single.trx
CU-19	Idempotency	PASS	HTTP same key+text → replay (same claimId, idempotentReplay true); '250' vs '250.00' same key → 409 IDEMPOTENCY_KEY_REUSED; browser lost response → retry same key+identical body → replay + completed + reload; changed body → 409, UI stops retrying; transition retry keeps exact occurredAt text → replay; K10 = one write set per intent	OBSERVED runtime (BR+HTTP+DB)	kit/browser/cu19-a1.json; kit/raw/db/db-assertions.tsv (cu19)
CU-20	Approval amount	PASS	missing/-0.01/250.01 → 422 CLAIM_APPROVAL_AMOUNT_INVALID; 0 and -0 → 200; approvedAmount on Rejected → 422 CLAIM_APPROVED_AMOUNT_NOT_ALLOWED; field only on Approved; UI 250 → 200, success message 'Approved amount: 250'	OBSERVED runtime (BR+HTTP+DB)	kit/browser/cu20-a1.json; kit/png/cu20-approve-250-success-en.png
CU-21	Stale transition	PASS	actor-a Approve 200; actor-b Reject → 422 INVALID_CLAIM_TRANSITION, conflict text + support ref + reload; actor-b zero write	OBSERVED runtime (BR+HTTP+DB, two profiles)	kit/browser/ui-flows-a1.json (CU-21); kit/png/cu21-stale-transition-422-en.png
CU-22	Settled wording	PASS	action 'Settled (…no payment posted)'; confirmation 'No payment, payable or receivable is posted'; 200; only Claims/personalization calls; K10 only claims collections	OBSERVED runtime (BR+HTTP+DB)	kit/browser/cu22-a1.json; kit/png/cu22-*.png
CU-23	Support ref vs root	PASS	every error: X-Correlation-Id header = error.correlationId, never a Shipment root; UI labels it 'Support reference' with copy	OBSERVED runtime (BR+HTTP)	kit/browser/checks-neg-a1.json (CU-23); kit/browser/nf-ui-a1.json
CU-24	Seven languages + RTL	PASS	en/tr/fr/es/zh/ar/ru titles, headers, Add, statuses localized; ar dir=rtl; UUID/amount cells LTR-isolated; static: 95 keys × 7, 0 empty, all 18 Err* keys present; harness flagged fr 'Actions' = correct French (same word as English)	OBSERVED runtime (BR) + ST	kit/browser/l10n-a1.json; static/STATIC-CHECKS.txt; kit/png/l10n-*.png
CU-25	Responsive + keyboard	FAIL	PASS parts: no horizontal overflow at 390/768/1024/1280/1440 (en, ar) and 1280 (5 langs); create: Space opens, focus inside, Escape from a field closes, inert, focus back on Add (D4 fixed); transition: focus inside at 50 ms and 900 ms, Escape closes (D2 fixed); evidence ids unique + labelled. FAIL part (new Q122-D5): after a rejected create submit (400) focus drops to BODY and Escape does not close the create surface until the user Tabs back in. Enter on Add = Q64d-D3 (template owner)	OBSERVED runtime (BR)	kit/browser/l10n-a1.json; kit/browser/kbd-a1.json; kit/browser/extra2-a1.json (KBD-escape-after-rejected-submit); kit/browser/kbd2-a2.json (transition surface OK); kit/png/kbd-escape-after-400-en.png
CU-26	Premium dialogs, no secrets	PASS	0 inline on* handlers in module DOM; confirmations via shared wrapper (.swal2 popup from window.showConfirm); 0 native dialogs in all phase files; no JWT-like value in storage or rendered HTML; auth cookies httpOnly; static greps 0 alert/confirm/prompt/Swal.fire/storage	OBSERVED runtime (BR) + ST	kit/browser/cu26-a1.json; F8-SCAN-ALL.tsv; static/STATIC-CHECKS.txt
CU-27	Family routing	PASS (environment copy)	lane Gateway with the draft route fragment: /api/shipment-bundle/claimsXYZ (GET/POST, …/transition) → 404 UnableToFindDownstreamRoute, never reached Supply Chain; real Claims routes → 401 unauthenticated; /SupplyChain/ClaimsXYZ → 404. Not BLOCKED because the criterion is measurable on the env copy; re-confirm once the integration owner lands the real ocelot diff	OBSERVED runtime (HTTP+log)	kit/raw/cu27-routing-a1.tsv; kit/raw/cu27-preflight-a1.tsv; kit/raw/logs-excerpt/cu27-gateway.log
CU-28	Regression on target	BLOCKED	needs the integrated target (G-TARGET): Claims backend (47 paths + approved Program.cs composition) is not in the common checkout and no integration-owner uptake exists, so 'green on target' and 'Shipment UI works' cannot be measured. Env-copy evidence only: SupplyChain single process 416/417 (Carriers 36/36, Loads 33/33, Returns 78/78, Shipment suites green, Claims 128/129 by design, provider 9/9)	BLOCKED (env evidence attached)	logs/test-a2/TEST-SUMMARY.tsv; logs/test-a2/supplychain-single.trx
CU-29	Source→binary→process→browser	PASS	K01 tree b1e10bfc… = composed src 14590/14590; K09: 6/6 services match/listening, DLL now = K06 build; served index.js c8ef218e = v3 archive file; index.l10n.js/personalization-client.js/dt-defaults.js = source; PIDs unchanged at end of lane	OBSERVED runtime	kit/SOURCE-BINARY-PROCESS.tsv; kit/raw/browser-binding.tsv; kit/raw/k09-recheck-end.tsv; compose/LAYERS-BEFORE-AFTER.tsv
CU-30	PNG	PASS (owner decision MVP6-PNG-METHOD-OWNER-DECISION-01)	91 PNGs via Playwright page.screenshot({path}) only; hashes indexed	CT disposition	kit/PNG-INDEX.tsv
CU-31	QuickView	PASS	0 adapter calls during QuickView; claimId shown; no Edit	OBSERVED runtime (BR)	kit/browser/ui-flows-a1.json (CU-31); kit/png/cu31-quickview-en.png
D-01	Q64b D-01: list reload after create/filter/transition	PASS	create → reload GET, new claim in reloaded data (16 rows / 2 pages; found by client search); filter Apply/Reset reload; transition reload; 0 xhr.abort errors	OBSERVED runtime (BR)	kit/browser/ui-flows-a1.json; kit/browser/regd01-a1.json (regression-a1 innerText check was page-bound — harness)
D-02	Q64b D-02: one tenant shell	PASS	1 layout-wrapper, 1 main.js, 1 footer, no nested html/head, 0 JS errors	OBSERVED runtime (BR)	kit/browser/ui-flows-a1.json (D-02); kit/png/d02-single-shell-en.png
D1	Q64d-D1 skeleton (v3 fix)	PASS	see CU-05; REG-D1 skeleton hidden after load, table visible	OBSERVED runtime (BR)	kit/browser/cu05-a1.json; kit/browser/regression-a1.json (REG-D1)
D2	Q64d-D2 transition focus/Escape (v3 fix)	PASS	focus on #transitionTarget at 50 ms and 900 ms; Escape closes in both windows; Open→Investigating 200 through the surface	OBSERVED runtime (BR)	kit/browser/kbd-a1.json (CU-25c); kit/browser/regression-a1.json (REG-D2)
D4	Q64d-D4 create focus return (v3 fix)	PASS	focus back on Add after Escape and after Save	OBSERVED runtime (BR)	kit/browser/kbd-a1.json (CU-25b); kit/browser/regd01-a1.json
S-01/S-02	v3 draft spec (claims-ui.spec.mjs 5c30b903)	PASS	16 passed / 0 failed / 1 skipped (CU-19 outline, by design)	OBSERVED runtime (BR)	kit/browser/spec-a1.json; kit/browser/spec-report.json; kit/png/spec/
SAVEVIEW	Save View / Reset	PASS	Apply → dirty; Reset → factory (query '', order/colVis = factory) + clean; sort → dirty; Save → POST 201 + clean; reload restores saved order; Reset vs saved default → dirty; 0 JS errors	OBSERVED runtime (BR)	kit/browser/saveview-a1.json; kit/png/saveview-*.png
ISO-LE	Cross-LE isolation	PASS	list, filter, resolve, transition all isolated (CU-14/15/16)	OBSERVED runtime	kit/browser/checks-neg-a1.json; kit/browser/nf-ui-a1.json
ISO-TENANT	Cross-tenant isolation	PASS	T2 list = only T2 claim; T1 list excludes it; cross-tenant resolve/transition → safe 404	OBSERVED runtime	kit/browser/checks-neg-a1.json
SOFT-DEL	Soft-delete isolation	PASS	soft-deleted claim not listed; soft-deleted shipment resolve 404; soft-deleted claim transition 404 (HTTP + UI)	OBSERVED runtime	kit/browser/checks-neg-a1.json; kit/browser/nf-ui-a1.json; kit/raw/fixture/org-fixture.json (laneDbSetup)
DENIED-401	Unauthenticated	PASS (O-01 open)	adapter 401 application/json, no redirect; page 302 → /account/login; body code INVALID_REQUEST (pack expects UNAUTHENTICATED — Q64d O-01, integration owner)	OBSERVED runtime (HTTP)	kit/browser/checks-neg-a1.json (401-json-adapter)
DENIED-NOREAD	No read	PASS	_AccessDenied in shell + 403 adapters (CU-06)	OBSERVED runtime	kit/browser/checks-neg-a1.json
DENIED-READONLY	Read-only	PASS	no CTA/actions; direct create/transition/resolve 403 (CU-07)	OBSERVED runtime	kit/browser/checks-neg-a1.json
F8	Lifecycle root never in the browser	PASS	0 root leaks over every same-origin response in all phase files (9 roots scanned)	OBSERVED runtime	F8-SCAN-ALL.tsv (all phases); kit/raw/F8-SCAN-SUMMARY.tsv (first 23 phases, sealed)
DIALOGS	Native dialogs	PASS	0 in all phase files	OBSERVED runtime	F8-SCAN-ALL.tsv (all phases); kit/raw/F8-SCAN-SUMMARY.tsv (first 23 phases, sealed)
PAGEERR	Page errors	PASS	0 pageerror events; console errors only resource-status lines from deliberate negative cases	OBSERVED runtime	F8-SCAN-ALL.tsv (all phases); kit/raw/F8-SCAN-SUMMARY.tsv (first 23 phases, sealed)
SECRETS	Secret scan	PASS	kit seal: exact + pattern scan, artifacts_verified PASS, result PASS; report root pattern scan	K08	kit/SECRET-SCAN-FINAL-a1.txt; SECRET-SCAN-ROOT.txt
§33	Module self-registration at runtime	PASS	claims-management self-registered (Attempt=1); catalog: ClaimsManagement / Claims Management / SUPPLYCHAINEXECUTION / DitenSupplyChainService / 1.0.0 / tenant-assignable / not baseline / 430 / bx-receipt; page CLAIMS /SupplyChain/Claims read, nav visible, List, 10; 7 actions with keys and dangerous flags as §33	OBSERVED runtime (DB+log)	kit/raw/logs-excerpt/s33-registration.log; REPORT.md §5
FRESHNESS	SOP §25 freshness	PASS	see CU-29	OBSERVED runtime	kit/SOURCE-BINARY-PROCESS.tsv
