item	result	evidence (v2 archive 7a9666c7…; paths relative to overlay/frontend/Diten.Web/ or …/wwwroot/assets/)	defect / scope
UI-PM-01	PASS	grep 'Layout = ' over Views/SupplyChain/SandopPlans/_*.cshtml = 0 (5 partials now carry only a comment in @{ }); page views Views/SupplyChain/SandopPlans/Index.cshtml:10, Views/SupplyChain/SandopPlans/Details.cshtml:11	D-02
UI-PM-02	PASS	partials only JSON bridges (Views/SupplyChain/SandopPlans/_DetailsL10n.cshtml:13, Views/SupplyChain/SandopPlans/_IndexL10n.cshtml:13); page JS in @section Scripts (Views/SupplyChain/SandopPlans/Index.cshtml:69-73, Views/SupplyChain/SandopPlans/Details.cshtml:170-173)	D-02
UI-PM-03	N/A	no DataTables ajax option (grep 'ajax *:' = 0 in index.js and details.js); workspace tables are client-side (data + rows.add); the entry page issues no list request (contract has no list operation)	D-01
UI-PM-04	PASS	after 201: onCreated + loadAll (js/SupplyChain/SandopPlans/details.js:527-528); reloads at :496, :759; retry → loadAll (js/SupplyChain/SandopPlans/details.js:712-713); plan created → Details (js/SupplyChain/SandopPlans/index.js:223)	D-01
UI-PM-05	PASS	setSectionState (js/SupplyChain/SandopPlans/details.js:187) sets skeleton.style.display (:194) besides d-none for the .backbone-skeleton elements Views/SupplyChain/SandopPlans/Details.cshtml:59, :91, :127	D1 (CU-05)
UI-PM-06	N/A	no #skeleton-loader in the S&OP views or JS (grep = 0); skeleton ids are summary-/snapshots-/signoffs-skeleton, so DtDefaults' draw fade does not apply	D1 (CU-05)
UI-PM-07	N/A	no surface in scope: create opened by focused btnOpenCreatePlan (js/SupplyChain/SandopPlans/index.js:295-298), capture by btnOpenCaptureSnapshot (js/SupplyChain/SandopPlans/details.js:696 → :600), sign-off by btnOpenRecordSignOff (js/SupplyChain/SandopPlans/details.js:706 → :651); no row menu (grep 'dropdown-item' = 0), no code-opened surface; focus-on-open present anyway (js/SupplyChain/SandopPlans/index.js:328, js/SupplyChain/SandopPlans/details.js:738)	D2 (CU-25); scope OD-F-Q145-1
UI-PM-08	PASS	0 hits for data-bs-keyboard="false" / keyboard: false	D2 (CU-25)
UI-PM-09	PASS	stable openers named per surface; hidden.bs.offcanvas returns focus to the opener (js/SupplyChain/SandopPlans/index.js:329-339; js/SupplyChain/SandopPlans/details.js:739-750); a denied/removed/hidden opener → page title (O-3)	D4; scope OD-F-Q145-1
UI-PM-10	PASS	create: js/SupplyChain/SandopPlans/index.js:207 disabled → finally :231-234 restoreCreateFocus() (:241-247, first invalid field else planName) before re-enable; capture: js/SupplyChain/SandopPlans/details.js:519 → finally :535-540 restorePanelFocus(panelId, 'captureDemandPlanId') (:465-471) before re-enable; never targets the disabled submit; sign-off exempt — reached through window.showConfirm (js/SupplyChain/SandopPlans/details.js:687) and restore gated by kind === 'capture' (:539)	D5 (Q122-D5, CU-25); scope OD-F-Q145-1
UI-PM-11	PASS	0 physical-direction class/style hits; dir="ltr" only on ID/date/number inputs and <bdi> (view lines unchanged from v1 except the two title attributes)	preventive (no defect instance; CU-24/CU-25 ar PASS)
UI-PM-12	PASS	failed/malformed loads → section error state (js/SupplyChain/SandopPlans/details.js:276, :281, :294, :298); retry controls reload (js/SupplyChain/SandopPlans/details.js:712-713)	D1 (CU-05)
