id	reference_path_line	referenced_symbol	owner	verdict	pack_basis	note
B-01	all 32 source files: the only 'using Diten…' namespaces are Domain/Application/Infrastructure/Persistence .Features.SandopPlans (33 using directives, 0 to anything else)	own feature namespaces	MOD-0190	no cross-feature reference	execution/domains/supply-chain-execution/module-packs/MOD-0190-sop-workflow-signoffs.md:112	Measured by grep over src/*/Features/SandopPlans.
B-02	grep for Domain.Common, Application.Common, Api.Controllers, EntityBase, CustomBaseController, Response<, RequestContext in Features/SandopPlans → 0	shared kernel types	shared	NOT USED — the module uses no shared-kernel type at all	execution/domains/supply-chain-execution/module-packs/MOD-0190-sop-workflow-signoffs.md:144	This is the opposite of a violation, but it is why BC-10-3 and ENT-4 are NOT MET.
B-03	grep for Features.CapacityPlans / CapacityPlan in Features/SandopPlans → 0	MOD-0192 types	MOD-0192	no reference — PERMITTED state (nothing shared)	execution/domains/supply-chain-execution/module-packs/MOD-0190-sop-workflow-signoffs.md:123	
B-04	grep for SandopPlans in src/*/Features/CapacityPlans → 0	reverse direction: MOD-0192 → MOD-0190	MOD-0192	no reference		CapacityPlans declares its own IDemandFixtureReader in its own namespace; it is a different type.
B-05	services/Diten.SupplyChainService/src/Diten.SupplyChainService.Domain/Features/SandopPlans/ISandopRepository.cs:3; services/Diten.SupplyChainService/src/Diten.SupplyChainService.Infrastructure/Features/SandopPlans/DemandFixtureReader.cs:5	DEMAND v1 (MOD-0188)	MOD-0188 contract	PERMITTED read-by-contract (fixture form) — an in-memory exact-match reader; no HTTP client, no DEMAND namespace, no DEMAND collection	execution/domains/supply-chain-execution/module-packs/MOD-0190-sop-workflow-signoffs.md:119	The reader returns a boolean. It cannot carry demand data into the module.
B-06	services/Diten.SupplyChainService/src/Diten.SupplyChainService.Persistence/Features/SandopPlans/SandopRepository.cs:60	string literals 'DEMAND' / 'v1' in the stored provenance	MOD-0188 contract	PERMITTED — contract literal (provenance label)	execution/domains/supply-chain-execution/module-packs/MOD-0190-sop-workflow-signoffs.md:80	
B-07	services/Diten.SupplyChainService/src/Diten.SupplyChainService.Persistence/Features/SandopPlans/SandopRepository.cs:60; services/Diten.SupplyChainService/src/Diten.SupplyChainService.Persistence/Features/SandopPlans/SandopRepository.cs:61	what a snapshot stores about demand and supply	MOD-0188 / supply sources	PERMITTED — references only: demand plan ID, version, checksum, time; supply input refs are (source, resourceId, resourceVersion) strings	execution/domains/supply-chain-execution/module-packs/MOD-0190-sop-workflow-signoffs.md:44	No quantity, series, forecast or balance field in any of the 32 files (grep: 'forecast', 'quantit', 'series' → 0).
B-08	no write path to any demand object exists: the six collections are services/Diten.SupplyChainService/src/Diten.SupplyChainService.Persistence/Features/SandopPlans/SandopRepository.cs:9 … services/Diten.SupplyChainService/src/Diten.SupplyChainService.Persistence/Features/SandopPlans/SandopRepository.cs:14	MOD-0188 data	MOD-0188	PERMITTED state — MOD-0190 cannot edit MOD-0188 data; it opens only sandop_* collections	execution/domains/supply-chain-execution/module-packs/MOD-0190-sop-workflow-signoffs.md:44	
B-09	grep for 'scenario' / 'capacity' in Features/SandopPlans → 0	capacity scenarios	MOD-0192	PERMITTED state — no capacity scenario type, field or collection	execution/domains/supply-chain-execution/module-packs/MOD-0190-sop-workflow-signoffs.md:44	
B-10	services/Diten.SupplyChainService/src/Diten.SupplyChainService.Api/Features/SandopPlans/SandopContextMiddleware.cs:16; services/Diten.SupplyChainService/src/Diten.SupplyChainService.Application/Features/SandopPlans/SandopPlanModels.cs:13	tenant / legal-entity scope in request bodies	-	PERMITTED state — scope comes from signed claims and must equal the headers; any extra body property is rejected	execution/domains/supply-chain-execution/module-packs/MOD-0190-sop-workflow-signoffs.md:45	Test: services/Diten.SupplyChainService/tests/Diten.SupplyChainService.Tests/SandopPlans/SandopContractTests.cs:18 (a body with tenantId is rejected).
B-11	tests: the only 'using Diten…' namespaces in services/Diten.SupplyChainService/tests/Diten.SupplyChainService.Tests/SandopPlans/ are the four SandopPlans namespaces; services/Diten.SupplyChainService/tests/Diten.SupplyChainService.Tests/SandopPlans/SandopContractTests.cs:26	test references	MOD-0190	no cross-feature reference		
B-12	services/Diten.SupplyChainService/tests/Diten.SupplyChainService.Tests/SandopPlans/SandopAtomicityTests.cs:61	admin command killAllSessions on the shared lane mongod (test code)	every module using that mongod	NOT a code boundary violation; a test-side cross-module side effect		It kills all sessions on the server, not only this test's. Harmless while the assembly runs serially; a hazard if classes ever run in parallel or two lanes share a mongod (see Q214 F-Q214-6).
B-13	services/Diten.SupplyChainService/tests/Diten.SupplyChainService.Tests/CapacityPlans/CapacityTestMongo.cs:8	the word 'SandopPlans' in a comment in a MOD-0192 test helper	MOD-0192	no code reference		The only occurrence of 'Sandop' outside the 38 paths in the service.
