n	layer	owned_path	state	lines	bytes	longest_line_chars	sha256	vs_accepted_source_manifest	what_it_does	substance	note	authority
1	Api	services/Diten.SupplyChainService/src/Diten.SupplyChainService.Api/Features/SandopPlans/SandopPlansController.cs	present	21	3594	335	e5d439356149b744ec1757b1d5c1fceb0b159d98b94c3ea333d65923bb14a0d5	equal	Six actions; each calls the request gate, then MediatR; writes the correlation header and the contract error body	SUBSTANTIVE	Derives from ControllerBase, not CustomBaseController (BC-10-3).	docs/roadmap/plans/mvp6-mod0190-0192-dispatch-preflight-01/MOD-0190-OWNED.tsv:2
2	Api	services/Diten.SupplyChainService/src/Diten.SupplyChainService.Api/Features/SandopPlans/SandopContextMiddleware.cs	present	21	2128	233	2ca4e8ceb6ac3b1fe9c4b35d482980666dd7925587501ef91fb8eb9d7daba65a	equal	Request gate: correlation header, authentication, three trusted claims, permission claim, scope headers, idempotency key	SUBSTANTIVE	A static function called inside each action, not an ASP.NET middleware. The file says why: 'until a separately owned Program.cs composition is approved' (line 3).	docs/roadmap/plans/mvp6-mod0190-0192-dispatch-preflight-01/MOD-0190-OWNED.tsv:3
3	Api	services/Diten.SupplyChainService/src/Diten.SupplyChainService.Api/Features/SandopPlans/SandopContractError.cs	present	7	1198	918	16e408e5d2c8a6cf60289cb0a487c16f92fd45ec84c1ba0628606e50319cf296	equal	Error envelope and the message for 13 published codes	SUBSTANTIVE		docs/roadmap/plans/mvp6-mod0190-0192-dispatch-preflight-01/MOD-0190-OWNED.tsv:4
4	Application/Commands	services/Diten.SupplyChainService/src/Diten.SupplyChainService.Application/Features/SandopPlans/Commands/CreateSandopPlanCommand.cs	present	3	304	128	6435c0be18187aeb79cf61f08d26511f2cf29bf0da82414c938d344b97b6d148	equal	Request record	MINIMAL — complete for its job		docs/roadmap/plans/mvp6-mod0190-0192-dispatch-preflight-01/MOD-0190-OWNED.tsv:5
5	Application/Commands	services/Diten.SupplyChainService/src/Diten.SupplyChainService.Application/Features/SandopPlans/Commands/CaptureSandopSnapshotCommand.cs	present	3	309	133	d5c2ac28032ea37fed5d02da0f37202f303c01cce2bfa8390df2ad9995ae6fc5	equal	Request record	MINIMAL — complete for its job		docs/roadmap/plans/mvp6-mod0190-0192-dispatch-preflight-01/MOD-0190-OWNED.tsv:6
6	Application/Commands	services/Diten.SupplyChainService/src/Diten.SupplyChainService.Application/Features/SandopPlans/Commands/RecordSandopSignOffCommand.cs	present	3	307	131	b019258453a73c60a27bcde951fdb2da501ebb2633a9be6a97fba80e26a025a0	equal	Request record	MINIMAL — complete for its job		docs/roadmap/plans/mvp6-mod0190-0192-dispatch-preflight-01/MOD-0190-OWNED.tsv:7
7	Application/Queries	services/Diten.SupplyChainService/src/Diten.SupplyChainService.Application/Features/SandopPlans/Queries/GetSandopPlanQuery.cs	present	3	255	103	4577389dd2aaf1110cab5d9e272d33c4b2e3a4291f9175ab1d6ee2cd5c7579f6	equal	Request record	MINIMAL — complete for its job		docs/roadmap/plans/mvp6-mod0190-0192-dispatch-preflight-01/MOD-0190-OWNED.tsv:8
8	Application/Queries	services/Diten.SupplyChainService/src/Diten.SupplyChainService.Application/Features/SandopPlans/Queries/ListSandopSnapshotsQuery.cs	present	3	261	109	9a659ce176bbcaeb48f76d324c5367ddbbe61aab54437dcc0ba5fa985aec0969	equal	Request record	MINIMAL — complete for its job		docs/roadmap/plans/mvp6-mod0190-0192-dispatch-preflight-01/MOD-0190-OWNED.tsv:9
9	Application/Queries	services/Diten.SupplyChainService/src/Diten.SupplyChainService.Application/Features/SandopPlans/Queries/ListSandopSignOffsQuery.cs	present	3	260	108	1f0eb5abdf27a26353f410458d9d752c9ea9b82713f3f8b3b470a8117e86b4d7	equal	Request record	MINIMAL — complete for its job		docs/roadmap/plans/mvp6-mod0190-0192-dispatch-preflight-01/MOD-0190-OWNED.tsv:10
10	Application/Handlers/CommandHandlers	services/Diten.SupplyChainService/src/Diten.SupplyChainService.Application/Features/SandopPlans/Handlers/CommandHandlers/CreateSandopPlanHandler.cs	present	5	799	311	4161b36380edcf44e465aabc240e3022a7a16571b2f117ce5c3d5647e869094e	equal	Validates the body, then delegates to the repository	THIN DELEGATE	All business rules are in the repository.	docs/roadmap/plans/mvp6-mod0190-0192-dispatch-preflight-01/MOD-0190-OWNED.tsv:11
11	Application/Handlers/CommandHandlers	services/Diten.SupplyChainService/src/Diten.SupplyChainService.Application/Features/SandopPlans/Handlers/CommandHandlers/CaptureSandopSnapshotHandler.cs	present	5	816	313	2885c8452f0c3bdc6c61fd99941057bf81daa164747ac03d8ad28205085bbaa1	equal	Validates the body, then delegates to the repository	THIN DELEGATE		docs/roadmap/plans/mvp6-mod0190-0192-dispatch-preflight-01/MOD-0190-OWNED.tsv:12
12	Application/Handlers/CommandHandlers	services/Diten.SupplyChainService/src/Diten.SupplyChainService.Application/Features/SandopPlans/Handlers/CommandHandlers/RecordSandopSignOffHandler.cs	present	5	810	313	c05324dbf1601777ba86b5f29ab8ef0f7719ea92d155160d41198c07855580c8	equal	Validates the body, then delegates to the repository	THIN DELEGATE		docs/roadmap/plans/mvp6-mod0190-0192-dispatch-preflight-01/MOD-0190-OWNED.tsv:13
13	Application/Handlers/QueryHandlers	services/Diten.SupplyChainService/src/Diten.SupplyChainService.Application/Features/SandopPlans/Handlers/QueryHandlers/GetSandopPlanHandler.cs	present	4	525	166	3ef1918bc789c4c65b61bd14b3f371cacaafde2284b66208ff9c3766b5192aee	equal	Delegates to the repository	THIN DELEGATE		docs/roadmap/plans/mvp6-mod0190-0192-dispatch-preflight-01/MOD-0190-OWNED.tsv:14
14	Application/Handlers/QueryHandlers	services/Diten.SupplyChainService/src/Diten.SupplyChainService.Application/Features/SandopPlans/Handlers/QueryHandlers/ListSandopSnapshotsHandler.cs	present	4	553	182	104684f395cfad31d38e6d34b98cd4a72a83f453ee19a131498fd55bf4676302	equal	Delegates to the repository	THIN DELEGATE		docs/roadmap/plans/mvp6-mod0190-0192-dispatch-preflight-01/MOD-0190-OWNED.tsv:15
15	Application/Handlers/QueryHandlers	services/Diten.SupplyChainService/src/Diten.SupplyChainService.Application/Features/SandopPlans/Handlers/QueryHandlers/ListSandopSignOffsHandler.cs	present	4	549	180	faef398b54262bb5788277678f4c6c81272629f76640aed2c419d529bed1dde6	equal	Delegates to the repository	THIN DELEGATE		docs/roadmap/plans/mvp6-mod0190-0192-dispatch-preflight-01/MOD-0190-OWNED.tsv:16
16	Application/Validators	services/Diten.SupplyChainService/src/Diten.SupplyChainService.Application/Features/SandopPlans/Validators/CreateSandopPlanValidator.cs	present	4	495	228	6da8f45780a4997be4fff3f52c6c1ae26577998378fd02e84b35ef9595604f31	equal	FluentValidation: tenant, LE, actor and key not empty	THIN — context checks only	Body rules are in SandopWire.Validate, not here.	docs/roadmap/plans/mvp6-mod0190-0192-dispatch-preflight-01/MOD-0190-OWNED.tsv:17
17	Application/Validators	services/Diten.SupplyChainService/src/Diten.SupplyChainService.Application/Features/SandopPlans/Validators/CaptureSandopSnapshotValidator.cs	present	4	510	233	5dea0f43048af13396cd1fc8ca45c758cd06557a254505302449c6393fbd98cb	equal	FluentValidation: tenant, LE, actor and key not empty	THIN — context checks only		docs/roadmap/plans/mvp6-mod0190-0192-dispatch-preflight-01/MOD-0190-OWNED.tsv:18
18	Application/Validators	services/Diten.SupplyChainService/src/Diten.SupplyChainService.Application/Features/SandopPlans/Validators/RecordSandopSignOffValidator.cs	present	4	504	231	fb3cedeb45a8438849d314e921977912b7abeba2b002fe945fb1ac7f1c831150	equal	FluentValidation: tenant, LE, actor and key not empty	THIN — context checks only		docs/roadmap/plans/mvp6-mod0190-0192-dispatch-preflight-01/MOD-0190-OWNED.tsv:19
19	Application	services/Diten.SupplyChainService/src/Diten.SupplyChainService.Application/Features/SandopPlans/SandopPlanModels.cs	present	26	3125	467	60e2a3e3b13da470e2acbb274ff758d27d8bedc89654e42fb21347f405e962c5	equal	Command/query context records and SandopWire.Validate: every body rule for the three mutations	SUBSTANTIVE		docs/roadmap/plans/mvp6-mod0190-0192-dispatch-preflight-01/MOD-0190-OWNED.tsv:20
20	Application	services/Diten.SupplyChainService/src/Diten.SupplyChainService.Application/Features/SandopPlans/SandopRequestFingerprint.cs	present	15	1269	272	771e9dc51567371ca5a949e9b04d36b127787780ca98cb01d6590a4a581903f6	equal	Canonical-JSON sha256 fingerprint for replay	SUBSTANTIVE		docs/roadmap/plans/mvp6-mod0190-0192-dispatch-preflight-01/MOD-0190-OWNED.tsv:21
21	Application	services/Diten.SupplyChainService/src/Diten.SupplyChainService.Application/Features/SandopPlans/SandopProjection.cs	present	10	1275	326	e18450c4c10d7245e2581f031348c5c631a405767e7894d9d53960300f7ac363	equal	Items() wraps list responses. Plan(), Snapshot(), SignOff() serialize the domain classes	PARTLY DEAD	Only Items() has a caller (SandopRepository). The other three methods have none.	docs/roadmap/plans/mvp6-mod0190-0192-dispatch-preflight-01/MOD-0190-OWNED.tsv:22
22	Domain	services/Diten.SupplyChainService/src/Diten.SupplyChainService.Domain/Features/SandopPlans/SandopPlan.cs	present	3	669	573	7312ac113ef0c92679002dc1bd1b71226a249b66e7dd7a91d511936675a8f99d	equal	Plan entity class	SHELL — no runtime caller	Referenced only by the uncalled SandopProjection.Plan(). The repository stores BsonDocument. No EntityBase (ENT-4).	docs/roadmap/plans/mvp6-mod0190-0192-dispatch-preflight-01/MOD-0190-OWNED.tsv:23
23	Domain	services/Diten.SupplyChainService/src/Diten.SupplyChainService.Domain/Features/SandopPlans/SandopSnapshot.cs	present	5	796	407	606ab9e7a0cbb19e548707281935d0ee7adf0c8e922fbec7c18f10f8c22a4f86	equal	Snapshot entity class and two value records	SHELL — no runtime caller	Referenced only by the uncalled SandopProjection.Snapshot().	docs/roadmap/plans/mvp6-mod0190-0192-dispatch-preflight-01/MOD-0190-OWNED.tsv:24
24	Domain	services/Diten.SupplyChainService/src/Diten.SupplyChainService.Domain/Features/SandopPlans/SandopSignOff.cs	present	3	520	421	01a0b736213529a3523be36e7598b9d5460a84286f1a14aaa8009ce3b430788c	equal	Sign-off entity class	SHELL — no runtime caller	Referenced only by the uncalled SandopProjection.SignOff().	docs/roadmap/plans/mvp6-mod0190-0192-dispatch-preflight-01/MOD-0190-OWNED.tsv:25
25	Domain	services/Diten.SupplyChainService/src/Diten.SupplyChainService.Domain/Features/SandopPlans/SandopScope.cs	present	6	568	169	40bbc658ba727f7b5e767c94d3a890e69c1d853d8f3de26a389f56929dd2b70b	equal	Scope record, action enum, result record	SUBSTANTIVE		docs/roadmap/plans/mvp6-mod0190-0192-dispatch-preflight-01/MOD-0190-OWNED.tsv:26
26	Domain	services/Diten.SupplyChainService/src/Diten.SupplyChainService.Domain/Features/SandopPlans/ISandopRepository.cs	present	7	580	199	3d355402d0c51fefc3d1daf20550a342ebad7525d22a408cc59276cc50ce5f0c	equal	Repository interface and the DEMAND fixture-reader interface	SUBSTANTIVE		docs/roadmap/plans/mvp6-mod0190-0192-dispatch-preflight-01/MOD-0190-OWNED.tsv:27
27	Persistence	services/Diten.SupplyChainService/src/Diten.SupplyChainService.Persistence/Features/SandopPlans/SandopRepository.cs	present	94	13969	551	610c864a149fe756616c27f59ff6748c0ef6f4b38b3a122c0ea533edadc25676	equal	All business logic: scope filters, six reads/writes, receipts, audit, outbox, transaction, replay, error mapping	SUBSTANTIVE — the core	94 lines, up to 551 characters per line.	docs/roadmap/plans/mvp6-mod0190-0192-dispatch-preflight-01/MOD-0190-OWNED.tsv:28
28	Persistence	services/Diten.SupplyChainService/src/Diten.SupplyChainService.Persistence/Features/SandopPlans/SandopSchema.cs	present	13	1668	277	49f87409f29534c835a2aed82e349a22ba383bf5ef9ae4c4a3c17cbc0ae90bad	equal	Six indexes, three of them unique invariants	SUBSTANTIVE	Static EnsureAsync. Its only caller is a test.	docs/roadmap/plans/mvp6-mod0190-0192-dispatch-preflight-01/MOD-0190-OWNED.tsv:29
29	Persistence	services/Diten.SupplyChainService/src/Diten.SupplyChainService.Persistence/Features/SandopPlans/SandopPersistenceRegistration.cs	present	5	417	127	0e74fec0687634d94c61e7c2965f495545b716f446f42fc6c45f1e1bf590961a	equal	AddSandopPersistence: registers the repository	MINIMAL	Registers neither the schema nor a fixture reader. No caller in the tree.	docs/roadmap/plans/mvp6-mod0190-0192-dispatch-preflight-01/MOD-0190-OWNED.tsv:30
30	Infrastructure	services/Diten.SupplyChainService/src/Diten.SupplyChainService.Infrastructure/Features/SandopPlans/SandopPermissionAttribute.cs	present	4	237	74	d9eabf418fdded5d554444310dc27d21cddb14a767c362dcf1773bb66280626f	equal	Attribute carrying a permission string	MARKER — no behaviour	Not a filter. Enforcement is in the request gate.	docs/roadmap/plans/mvp6-mod0190-0192-dispatch-preflight-01/MOD-0190-OWNED.tsv:31
31	Infrastructure	services/Diten.SupplyChainService/src/Diten.SupplyChainService.Infrastructure/Features/SandopPlans/SandopPermissions.cs	present	3	376	265	47eb6b515e51cc00b3db6689c8f7a9418f218587caf01440a86b96f08c10e0a8	equal	Four permission key constants	MINIMAL — complete for its job		docs/roadmap/plans/mvp6-mod0190-0192-dispatch-preflight-01/MOD-0190-OWNED.tsv:32
32	Infrastructure	services/Diten.SupplyChainService/src/Diten.SupplyChainService.Infrastructure/Features/SandopPlans/DemandFixtureReader.cs	present	8	911	262	ffb719c08d2373a7ad0751b31e535a9cef978b8e490a6b712011e10c902d8fcc	equal	Exact tenant/LE/id/version/checksum/published match against a fixture list	SUBSTANTIVE (fixture seam by design)	No DEMAND HTTP call, as the pack requires.	docs/roadmap/plans/mvp6-mod0190-0192-dispatch-preflight-01/MOD-0190-OWNED.tsv:33
33	Tests	services/Diten.SupplyChainService/tests/Diten.SupplyChainService.Tests/SandopPlans/SandopContractTests.cs	present	30	4626	401	00cdd63fafaa5502221816209bf6f3a4dc4d872dff2dc100ef46ab4649b71ea2	equal	Test host helper + 3 tests	TEST	3 cases in Q208	docs/roadmap/plans/mvp6-mod0190-0192-dispatch-preflight-01/MOD-0190-OWNED.tsv:34
34	Tests	services/Diten.SupplyChainService/tests/Diten.SupplyChainService.Tests/SandopPlans/SandopLifecycleTests.cs	present	25	3926	459	ea19c6f973257730f001ed0215c0eb8fe5356797dc68e452d619e78a640df041	equal	2 tests	TEST	2 cases	docs/roadmap/plans/mvp6-mod0190-0192-dispatch-preflight-01/MOD-0190-OWNED.tsv:35
35	Tests	services/Diten.SupplyChainService/tests/Diten.SupplyChainService.Tests/SandopPlans/SandopReplayTests.cs	present	45	5747	329	76e08631282416a9ceba8f8e67d91b6da0ddfcea4d19e3498f87ad3d0470849a	equal	4 tests	TEST	4 cases	docs/roadmap/plans/mvp6-mod0190-0192-dispatch-preflight-01/MOD-0190-OWNED.tsv:36
36	Tests	services/Diten.SupplyChainService/tests/Diten.SupplyChainService.Tests/SandopPlans/SandopConcurrencyTests.cs	present	9	1109	582	b002b30f37249ae64ea3e3cabef2cf2e4ba42688113d3571639c3d495ec9e24e	equal	1 test	TEST	1 case	docs/roadmap/plans/mvp6-mod0190-0192-dispatch-preflight-01/MOD-0190-OWNED.tsv:37
37	Tests	services/Diten.SupplyChainService/tests/Diten.SupplyChainService.Tests/SandopPlans/SandopAtomicityTests.cs	present	88	9331	489	eba2da6f47a4935b61857a95534b3d1697635910190e3838494d96d956af7f43	equal	7 tests	TEST	7 cases; 2 carry Q214 caveats	docs/roadmap/plans/mvp6-mod0190-0192-dispatch-preflight-01/MOD-0190-OWNED.tsv:38
38	Tests	services/Diten.SupplyChainService/tests/Diten.SupplyChainService.Tests/SandopPlans/SandopIsolationTests.cs	present	15	1351	282	a3e617663609087e553d8564400cbe9458a52b91cfc5f392b7a3a3e83ff6d47b	equal	2 tests	TEST	2 cases	docs/roadmap/plans/mvp6-mod0190-0192-dispatch-preflight-01/MOD-0190-OWNED.tsv:39
